#
# TABLE STRUCTURE FOR: communities
#

DROP TABLE IF EXISTS `communities`;

CREATE TABLE `communities` (
  `id` int(10) unsigned NOT NULL AUTO_INCREMENT,
  `name` varchar(150) COLLATE utf8_unicode_ci NOT NULL,
  PRIMARY KEY (`id`),
  UNIQUE KEY `name` (`name`)
) ENGINE=InnoDB AUTO_INCREMENT=11 DEFAULT CHARSET=utf8 COLLATE=utf8_unicode_ci;

INSERT INTO `communities` (`id`, `name`) VALUES (1, 'Advanced disintermediate initiative');
INSERT INTO `communities` (`id`, `name`) VALUES (2, 'Cross-platform bi-directional definition');
INSERT INTO `communities` (`id`, `name`) VALUES (9, 'Expanded upward-trending customerloyalty');
INSERT INTO `communities` (`id`, `name`) VALUES (6, 'Integrated zeroadministration structure');
INSERT INTO `communities` (`id`, `name`) VALUES (5, 'Networked directional instructionset');
INSERT INTO `communities` (`id`, `name`) VALUES (10, 'Phased bottom-line superstructure');
INSERT INTO `communities` (`id`, `name`) VALUES (7, 'Public-key eco-centric archive');
INSERT INTO `communities` (`id`, `name`) VALUES (8, 'Robust actuating complexity');
INSERT INTO `communities` (`id`, `name`) VALUES (3, 'Synchronised composite conglomeration');
INSERT INTO `communities` (`id`, `name`) VALUES (4, 'Team-oriented well-modulated functionalities');


#
# TABLE STRUCTURE FOR: communities_users
#

DROP TABLE IF EXISTS `communities_users`;

CREATE TABLE `communities_users` (
  `community_id` int(10) unsigned NOT NULL,
  `user_id` int(10) unsigned NOT NULL,
  PRIMARY KEY (`community_id`,`user_id`)
) ENGINE=InnoDB DEFAULT CHARSET=utf8 COLLATE=utf8_unicode_ci;

INSERT INTO `communities_users` (`community_id`, `user_id`) VALUES (1, 1);
INSERT INTO `communities_users` (`community_id`, `user_id`) VALUES (1, 11);
INSERT INTO `communities_users` (`community_id`, `user_id`) VALUES (1, 21);
INSERT INTO `communities_users` (`community_id`, `user_id`) VALUES (1, 31);
INSERT INTO `communities_users` (`community_id`, `user_id`) VALUES (1, 41);
INSERT INTO `communities_users` (`community_id`, `user_id`) VALUES (1, 51);
INSERT INTO `communities_users` (`community_id`, `user_id`) VALUES (1, 61);
INSERT INTO `communities_users` (`community_id`, `user_id`) VALUES (1, 71);
INSERT INTO `communities_users` (`community_id`, `user_id`) VALUES (1, 81);
INSERT INTO `communities_users` (`community_id`, `user_id`) VALUES (1, 91);
INSERT INTO `communities_users` (`community_id`, `user_id`) VALUES (2, 2);
INSERT INTO `communities_users` (`community_id`, `user_id`) VALUES (2, 12);
INSERT INTO `communities_users` (`community_id`, `user_id`) VALUES (2, 22);
INSERT INTO `communities_users` (`community_id`, `user_id`) VALUES (2, 32);
INSERT INTO `communities_users` (`community_id`, `user_id`) VALUES (2, 42);
INSERT INTO `communities_users` (`community_id`, `user_id`) VALUES (2, 52);
INSERT INTO `communities_users` (`community_id`, `user_id`) VALUES (2, 62);
INSERT INTO `communities_users` (`community_id`, `user_id`) VALUES (2, 72);
INSERT INTO `communities_users` (`community_id`, `user_id`) VALUES (2, 82);
INSERT INTO `communities_users` (`community_id`, `user_id`) VALUES (2, 92);
INSERT INTO `communities_users` (`community_id`, `user_id`) VALUES (3, 3);
INSERT INTO `communities_users` (`community_id`, `user_id`) VALUES (3, 13);
INSERT INTO `communities_users` (`community_id`, `user_id`) VALUES (3, 23);
INSERT INTO `communities_users` (`community_id`, `user_id`) VALUES (3, 33);
INSERT INTO `communities_users` (`community_id`, `user_id`) VALUES (3, 43);
INSERT INTO `communities_users` (`community_id`, `user_id`) VALUES (3, 53);
INSERT INTO `communities_users` (`community_id`, `user_id`) VALUES (3, 63);
INSERT INTO `communities_users` (`community_id`, `user_id`) VALUES (3, 73);
INSERT INTO `communities_users` (`community_id`, `user_id`) VALUES (3, 83);
INSERT INTO `communities_users` (`community_id`, `user_id`) VALUES (3, 93);
INSERT INTO `communities_users` (`community_id`, `user_id`) VALUES (4, 4);
INSERT INTO `communities_users` (`community_id`, `user_id`) VALUES (4, 14);
INSERT INTO `communities_users` (`community_id`, `user_id`) VALUES (4, 24);
INSERT INTO `communities_users` (`community_id`, `user_id`) VALUES (4, 34);
INSERT INTO `communities_users` (`community_id`, `user_id`) VALUES (4, 44);
INSERT INTO `communities_users` (`community_id`, `user_id`) VALUES (4, 54);
INSERT INTO `communities_users` (`community_id`, `user_id`) VALUES (4, 64);
INSERT INTO `communities_users` (`community_id`, `user_id`) VALUES (4, 74);
INSERT INTO `communities_users` (`community_id`, `user_id`) VALUES (4, 84);
INSERT INTO `communities_users` (`community_id`, `user_id`) VALUES (4, 94);
INSERT INTO `communities_users` (`community_id`, `user_id`) VALUES (5, 5);
INSERT INTO `communities_users` (`community_id`, `user_id`) VALUES (5, 15);
INSERT INTO `communities_users` (`community_id`, `user_id`) VALUES (5, 25);
INSERT INTO `communities_users` (`community_id`, `user_id`) VALUES (5, 35);
INSERT INTO `communities_users` (`community_id`, `user_id`) VALUES (5, 45);
INSERT INTO `communities_users` (`community_id`, `user_id`) VALUES (5, 55);
INSERT INTO `communities_users` (`community_id`, `user_id`) VALUES (5, 65);
INSERT INTO `communities_users` (`community_id`, `user_id`) VALUES (5, 75);
INSERT INTO `communities_users` (`community_id`, `user_id`) VALUES (5, 85);
INSERT INTO `communities_users` (`community_id`, `user_id`) VALUES (5, 95);
INSERT INTO `communities_users` (`community_id`, `user_id`) VALUES (6, 6);
INSERT INTO `communities_users` (`community_id`, `user_id`) VALUES (6, 16);
INSERT INTO `communities_users` (`community_id`, `user_id`) VALUES (6, 26);
INSERT INTO `communities_users` (`community_id`, `user_id`) VALUES (6, 36);
INSERT INTO `communities_users` (`community_id`, `user_id`) VALUES (6, 46);
INSERT INTO `communities_users` (`community_id`, `user_id`) VALUES (6, 56);
INSERT INTO `communities_users` (`community_id`, `user_id`) VALUES (6, 66);
INSERT INTO `communities_users` (`community_id`, `user_id`) VALUES (6, 76);
INSERT INTO `communities_users` (`community_id`, `user_id`) VALUES (6, 86);
INSERT INTO `communities_users` (`community_id`, `user_id`) VALUES (6, 96);
INSERT INTO `communities_users` (`community_id`, `user_id`) VALUES (7, 7);
INSERT INTO `communities_users` (`community_id`, `user_id`) VALUES (7, 17);
INSERT INTO `communities_users` (`community_id`, `user_id`) VALUES (7, 27);
INSERT INTO `communities_users` (`community_id`, `user_id`) VALUES (7, 37);
INSERT INTO `communities_users` (`community_id`, `user_id`) VALUES (7, 47);
INSERT INTO `communities_users` (`community_id`, `user_id`) VALUES (7, 57);
INSERT INTO `communities_users` (`community_id`, `user_id`) VALUES (7, 67);
INSERT INTO `communities_users` (`community_id`, `user_id`) VALUES (7, 77);
INSERT INTO `communities_users` (`community_id`, `user_id`) VALUES (7, 87);
INSERT INTO `communities_users` (`community_id`, `user_id`) VALUES (7, 97);
INSERT INTO `communities_users` (`community_id`, `user_id`) VALUES (8, 8);
INSERT INTO `communities_users` (`community_id`, `user_id`) VALUES (8, 18);
INSERT INTO `communities_users` (`community_id`, `user_id`) VALUES (8, 28);
INSERT INTO `communities_users` (`community_id`, `user_id`) VALUES (8, 38);
INSERT INTO `communities_users` (`community_id`, `user_id`) VALUES (8, 48);
INSERT INTO `communities_users` (`community_id`, `user_id`) VALUES (8, 58);
INSERT INTO `communities_users` (`community_id`, `user_id`) VALUES (8, 68);
INSERT INTO `communities_users` (`community_id`, `user_id`) VALUES (8, 78);
INSERT INTO `communities_users` (`community_id`, `user_id`) VALUES (8, 88);
INSERT INTO `communities_users` (`community_id`, `user_id`) VALUES (8, 98);
INSERT INTO `communities_users` (`community_id`, `user_id`) VALUES (9, 9);
INSERT INTO `communities_users` (`community_id`, `user_id`) VALUES (9, 19);
INSERT INTO `communities_users` (`community_id`, `user_id`) VALUES (9, 29);
INSERT INTO `communities_users` (`community_id`, `user_id`) VALUES (9, 39);
INSERT INTO `communities_users` (`community_id`, `user_id`) VALUES (9, 49);
INSERT INTO `communities_users` (`community_id`, `user_id`) VALUES (9, 59);
INSERT INTO `communities_users` (`community_id`, `user_id`) VALUES (9, 69);
INSERT INTO `communities_users` (`community_id`, `user_id`) VALUES (9, 79);
INSERT INTO `communities_users` (`community_id`, `user_id`) VALUES (9, 89);
INSERT INTO `communities_users` (`community_id`, `user_id`) VALUES (9, 99);
INSERT INTO `communities_users` (`community_id`, `user_id`) VALUES (10, 10);
INSERT INTO `communities_users` (`community_id`, `user_id`) VALUES (10, 20);
INSERT INTO `communities_users` (`community_id`, `user_id`) VALUES (10, 30);
INSERT INTO `communities_users` (`community_id`, `user_id`) VALUES (10, 40);
INSERT INTO `communities_users` (`community_id`, `user_id`) VALUES (10, 50);
INSERT INTO `communities_users` (`community_id`, `user_id`) VALUES (10, 60);
INSERT INTO `communities_users` (`community_id`, `user_id`) VALUES (10, 70);
INSERT INTO `communities_users` (`community_id`, `user_id`) VALUES (10, 80);
INSERT INTO `communities_users` (`community_id`, `user_id`) VALUES (10, 90);
INSERT INTO `communities_users` (`community_id`, `user_id`) VALUES (10, 100);


#
# TABLE STRUCTURE FOR: friendship
#

DROP TABLE IF EXISTS `friendship`;

CREATE TABLE `friendship` (
  `user_id` int(10) unsigned NOT NULL,
  `friend_id` int(10) unsigned NOT NULL,
  `status` varchar(20) COLLATE utf8_unicode_ci NOT NULL,
  `requested_at` datetime DEFAULT current_timestamp(),
  `confirmed_at` datetime DEFAULT NULL,
  PRIMARY KEY (`user_id`,`friend_id`)
) ENGINE=InnoDB DEFAULT CHARSET=utf8 COLLATE=utf8_unicode_ci;

INSERT INTO `friendship` (`user_id`, `friend_id`, `status`, `requested_at`, `confirmed_at`) VALUES (1, 1, 'Aliquid eaque beatae', '2007-10-03 08:37:37', '2017-11-26 18:28:31');
INSERT INTO `friendship` (`user_id`, `friend_id`, `status`, `requested_at`, `confirmed_at`) VALUES (2, 2, 'Facilis quo molestia', '1979-02-03 18:00:05', '2002-11-05 00:07:51');
INSERT INTO `friendship` (`user_id`, `friend_id`, `status`, `requested_at`, `confirmed_at`) VALUES (3, 3, 'Est voluptatem nisi ', '2000-10-25 10:02:59', '1977-04-01 00:08:31');
INSERT INTO `friendship` (`user_id`, `friend_id`, `status`, `requested_at`, `confirmed_at`) VALUES (4, 4, 'Velit earum aut vita', '2014-01-05 08:22:32', '1994-05-26 13:47:59');
INSERT INTO `friendship` (`user_id`, `friend_id`, `status`, `requested_at`, `confirmed_at`) VALUES (5, 5, 'Quidem totam corrupt', '1997-06-30 16:57:37', '1985-05-04 01:49:44');
INSERT INTO `friendship` (`user_id`, `friend_id`, `status`, `requested_at`, `confirmed_at`) VALUES (6, 6, 'Consequatur sint cul', '1977-02-06 06:28:18', '2015-10-23 13:05:06');
INSERT INTO `friendship` (`user_id`, `friend_id`, `status`, `requested_at`, `confirmed_at`) VALUES (7, 7, 'Maxime voluptates di', '1981-05-21 13:53:42', '2012-03-12 04:31:11');
INSERT INTO `friendship` (`user_id`, `friend_id`, `status`, `requested_at`, `confirmed_at`) VALUES (8, 8, 'Consequuntur nihil e', '1984-05-14 13:56:34', '1984-10-27 10:36:17');
INSERT INTO `friendship` (`user_id`, `friend_id`, `status`, `requested_at`, `confirmed_at`) VALUES (9, 9, 'Illum aperiam illo q', '2016-02-02 01:26:29', '2014-02-06 08:15:25');
INSERT INTO `friendship` (`user_id`, `friend_id`, `status`, `requested_at`, `confirmed_at`) VALUES (10, 10, 'Vero eaque est conse', '1978-07-20 00:14:12', '2000-05-08 23:09:20');
INSERT INTO `friendship` (`user_id`, `friend_id`, `status`, `requested_at`, `confirmed_at`) VALUES (11, 11, 'Sit earum dolorum ve', '2006-06-01 09:12:43', '2012-07-30 05:47:17');
INSERT INTO `friendship` (`user_id`, `friend_id`, `status`, `requested_at`, `confirmed_at`) VALUES (12, 12, 'Aut quo voluptatem a', '2008-07-23 15:09:34', '1982-08-06 20:13:38');
INSERT INTO `friendship` (`user_id`, `friend_id`, `status`, `requested_at`, `confirmed_at`) VALUES (13, 13, 'Est maxime et alias ', '1983-03-20 10:11:49', '1986-01-24 22:55:35');
INSERT INTO `friendship` (`user_id`, `friend_id`, `status`, `requested_at`, `confirmed_at`) VALUES (14, 14, 'Nam aut voluptate vo', '1989-05-27 11:01:49', '2003-12-25 06:33:05');
INSERT INTO `friendship` (`user_id`, `friend_id`, `status`, `requested_at`, `confirmed_at`) VALUES (15, 15, 'Quas est est unde cu', '1975-12-07 10:39:24', '2002-06-02 21:28:33');
INSERT INTO `friendship` (`user_id`, `friend_id`, `status`, `requested_at`, `confirmed_at`) VALUES (16, 16, 'Cumque omnis quas ab', '2002-05-08 05:09:20', '2006-08-31 12:51:00');
INSERT INTO `friendship` (`user_id`, `friend_id`, `status`, `requested_at`, `confirmed_at`) VALUES (17, 17, 'Deserunt ipsum est i', '2019-05-23 06:13:08', '1979-02-28 04:13:12');
INSERT INTO `friendship` (`user_id`, `friend_id`, `status`, `requested_at`, `confirmed_at`) VALUES (18, 18, 'Quaerat possimus vit', '1977-06-02 21:01:37', '1976-10-02 02:14:42');
INSERT INTO `friendship` (`user_id`, `friend_id`, `status`, `requested_at`, `confirmed_at`) VALUES (19, 19, 'Dolorem nihil laboru', '1997-04-24 15:43:41', '1983-02-12 02:51:28');
INSERT INTO `friendship` (`user_id`, `friend_id`, `status`, `requested_at`, `confirmed_at`) VALUES (20, 20, 'Rerum sequi expedita', '1981-06-15 02:29:40', '2000-09-23 08:04:37');
INSERT INTO `friendship` (`user_id`, `friend_id`, `status`, `requested_at`, `confirmed_at`) VALUES (21, 21, 'Et ipsum molestiae r', '1979-01-17 15:12:55', '1989-04-12 08:17:07');
INSERT INTO `friendship` (`user_id`, `friend_id`, `status`, `requested_at`, `confirmed_at`) VALUES (22, 22, 'Et et consequuntur a', '2011-05-24 13:54:08', '1976-11-08 20:28:31');
INSERT INTO `friendship` (`user_id`, `friend_id`, `status`, `requested_at`, `confirmed_at`) VALUES (23, 23, 'Aut enim delectus om', '1983-05-10 06:18:10', '1995-07-20 08:04:18');
INSERT INTO `friendship` (`user_id`, `friend_id`, `status`, `requested_at`, `confirmed_at`) VALUES (24, 24, 'Assumenda cum aut cu', '1987-03-10 04:16:18', '1991-08-30 23:56:51');
INSERT INTO `friendship` (`user_id`, `friend_id`, `status`, `requested_at`, `confirmed_at`) VALUES (25, 25, 'Delectus omnis iusto', '2001-12-22 23:35:13', '1991-08-16 11:41:16');
INSERT INTO `friendship` (`user_id`, `friend_id`, `status`, `requested_at`, `confirmed_at`) VALUES (26, 26, 'Nostrum laudantium q', '2002-05-02 11:17:28', '1988-10-27 16:20:19');
INSERT INTO `friendship` (`user_id`, `friend_id`, `status`, `requested_at`, `confirmed_at`) VALUES (27, 27, 'Natus quia necessita', '2011-05-27 16:16:16', '1971-01-17 00:52:45');
INSERT INTO `friendship` (`user_id`, `friend_id`, `status`, `requested_at`, `confirmed_at`) VALUES (28, 28, 'Voluptas ut sed quae', '2017-05-01 17:29:22', '1981-09-28 23:32:15');
INSERT INTO `friendship` (`user_id`, `friend_id`, `status`, `requested_at`, `confirmed_at`) VALUES (29, 29, 'Natus eius cumque si', '1997-10-20 12:41:59', '1999-07-16 15:39:29');
INSERT INTO `friendship` (`user_id`, `friend_id`, `status`, `requested_at`, `confirmed_at`) VALUES (30, 30, 'Velit ut est vel tem', '2017-11-25 15:45:17', '2002-01-21 18:55:58');
INSERT INTO `friendship` (`user_id`, `friend_id`, `status`, `requested_at`, `confirmed_at`) VALUES (31, 31, 'Provident nam et nec', '2017-12-15 02:46:32', '1971-05-12 00:01:56');
INSERT INTO `friendship` (`user_id`, `friend_id`, `status`, `requested_at`, `confirmed_at`) VALUES (32, 32, 'Doloremque iusto del', '1985-05-25 16:14:35', '2016-01-06 09:48:08');
INSERT INTO `friendship` (`user_id`, `friend_id`, `status`, `requested_at`, `confirmed_at`) VALUES (33, 33, 'Consequatur nulla en', '2003-03-16 03:34:46', '1992-09-03 03:17:20');
INSERT INTO `friendship` (`user_id`, `friend_id`, `status`, `requested_at`, `confirmed_at`) VALUES (34, 34, 'Voluptas ratione omn', '2005-01-13 23:01:00', '2011-12-28 13:23:40');
INSERT INTO `friendship` (`user_id`, `friend_id`, `status`, `requested_at`, `confirmed_at`) VALUES (35, 35, 'Ut non voluptatem om', '1985-08-30 00:04:03', '1981-02-07 03:02:59');
INSERT INTO `friendship` (`user_id`, `friend_id`, `status`, `requested_at`, `confirmed_at`) VALUES (36, 36, 'Qui ea voluptatem of', '2012-06-26 17:37:26', '2011-11-25 10:08:29');
INSERT INTO `friendship` (`user_id`, `friend_id`, `status`, `requested_at`, `confirmed_at`) VALUES (37, 37, 'Libero vel aut quas.', '1989-10-07 06:43:59', '1989-09-11 02:43:09');
INSERT INTO `friendship` (`user_id`, `friend_id`, `status`, `requested_at`, `confirmed_at`) VALUES (38, 38, 'Nulla exercitationem', '2000-02-09 19:44:51', '1992-07-29 10:20:57');
INSERT INTO `friendship` (`user_id`, `friend_id`, `status`, `requested_at`, `confirmed_at`) VALUES (39, 39, 'Voluptatem tenetur u', '1989-07-03 22:52:12', '2005-11-29 18:09:40');
INSERT INTO `friendship` (`user_id`, `friend_id`, `status`, `requested_at`, `confirmed_at`) VALUES (40, 40, 'Est temporibus est e', '1986-07-22 21:14:24', '2010-02-16 18:15:21');
INSERT INTO `friendship` (`user_id`, `friend_id`, `status`, `requested_at`, `confirmed_at`) VALUES (41, 41, 'Ad eius molestiae il', '1975-11-16 20:22:02', '2002-12-18 11:08:24');
INSERT INTO `friendship` (`user_id`, `friend_id`, `status`, `requested_at`, `confirmed_at`) VALUES (42, 42, 'Exercitationem et su', '2016-12-01 07:18:16', '1994-02-05 10:21:49');
INSERT INTO `friendship` (`user_id`, `friend_id`, `status`, `requested_at`, `confirmed_at`) VALUES (43, 43, 'Quia magni nisi quid', '2006-07-06 21:20:20', '1976-11-13 15:43:38');
INSERT INTO `friendship` (`user_id`, `friend_id`, `status`, `requested_at`, `confirmed_at`) VALUES (44, 44, 'Minima ex ea dolorem', '1983-12-07 13:12:06', '1971-01-24 17:10:04');
INSERT INTO `friendship` (`user_id`, `friend_id`, `status`, `requested_at`, `confirmed_at`) VALUES (45, 45, 'Dolores excepturi ex', '1991-02-11 16:41:14', '1977-01-16 15:26:58');
INSERT INTO `friendship` (`user_id`, `friend_id`, `status`, `requested_at`, `confirmed_at`) VALUES (46, 46, 'Libero atque sunt cu', '2001-10-10 17:25:40', '1984-09-10 22:46:36');
INSERT INTO `friendship` (`user_id`, `friend_id`, `status`, `requested_at`, `confirmed_at`) VALUES (47, 47, 'Ut aut non vel id vo', '1993-05-02 01:20:05', '2014-10-10 14:16:00');
INSERT INTO `friendship` (`user_id`, `friend_id`, `status`, `requested_at`, `confirmed_at`) VALUES (48, 48, 'Et non aut velit nis', '1993-07-29 22:41:03', '1989-02-05 16:06:15');
INSERT INTO `friendship` (`user_id`, `friend_id`, `status`, `requested_at`, `confirmed_at`) VALUES (49, 49, 'Ex est voluptas ad n', '2005-04-10 19:06:06', '1981-01-01 20:36:37');
INSERT INTO `friendship` (`user_id`, `friend_id`, `status`, `requested_at`, `confirmed_at`) VALUES (50, 50, 'Nemo non ipsum conse', '2001-03-23 23:12:18', '1985-04-02 12:43:56');
INSERT INTO `friendship` (`user_id`, `friend_id`, `status`, `requested_at`, `confirmed_at`) VALUES (51, 51, 'Eos rerum quasi veni', '1977-01-30 20:32:27', '1971-12-03 19:32:19');
INSERT INTO `friendship` (`user_id`, `friend_id`, `status`, `requested_at`, `confirmed_at`) VALUES (52, 52, 'Dolor architecto vol', '2009-01-23 16:51:07', '1980-07-10 10:44:42');
INSERT INTO `friendship` (`user_id`, `friend_id`, `status`, `requested_at`, `confirmed_at`) VALUES (53, 53, 'Voluptatem hic est m', '1994-08-06 06:26:03', '2013-05-27 14:49:06');
INSERT INTO `friendship` (`user_id`, `friend_id`, `status`, `requested_at`, `confirmed_at`) VALUES (54, 54, 'Quam eaque laborum a', '1994-11-06 04:07:12', '1988-06-21 23:09:44');
INSERT INTO `friendship` (`user_id`, `friend_id`, `status`, `requested_at`, `confirmed_at`) VALUES (55, 55, 'Sed consectetur cumq', '2008-05-14 15:09:57', '1972-06-19 08:51:50');
INSERT INTO `friendship` (`user_id`, `friend_id`, `status`, `requested_at`, `confirmed_at`) VALUES (56, 56, 'Consectetur corporis', '2015-08-01 18:39:36', '1983-07-29 10:46:20');
INSERT INTO `friendship` (`user_id`, `friend_id`, `status`, `requested_at`, `confirmed_at`) VALUES (57, 57, 'Laborum accusamus ar', '1986-04-29 22:17:41', '2007-01-18 22:46:32');
INSERT INTO `friendship` (`user_id`, `friend_id`, `status`, `requested_at`, `confirmed_at`) VALUES (58, 58, 'Totam hic ad placeat', '2009-06-10 04:22:17', '1991-05-28 04:32:39');
INSERT INTO `friendship` (`user_id`, `friend_id`, `status`, `requested_at`, `confirmed_at`) VALUES (59, 59, 'Non veritatis quam v', '2000-01-23 06:34:30', '1980-11-24 06:54:19');
INSERT INTO `friendship` (`user_id`, `friend_id`, `status`, `requested_at`, `confirmed_at`) VALUES (60, 60, 'Maxime quis optio in', '1995-11-13 01:07:53', '1976-11-12 06:10:37');
INSERT INTO `friendship` (`user_id`, `friend_id`, `status`, `requested_at`, `confirmed_at`) VALUES (61, 61, 'Ratione reiciendis m', '1997-05-29 18:40:21', '1996-10-15 12:09:33');
INSERT INTO `friendship` (`user_id`, `friend_id`, `status`, `requested_at`, `confirmed_at`) VALUES (62, 62, 'Non in voluptate nih', '2019-07-07 20:12:41', '1988-06-26 09:35:25');
INSERT INTO `friendship` (`user_id`, `friend_id`, `status`, `requested_at`, `confirmed_at`) VALUES (63, 63, 'Modi voluptatum accu', '1991-12-26 01:41:07', '2015-11-21 17:15:14');
INSERT INTO `friendship` (`user_id`, `friend_id`, `status`, `requested_at`, `confirmed_at`) VALUES (64, 64, 'Distinctio ipsam aut', '1993-07-15 22:56:09', '1990-10-02 05:35:38');
INSERT INTO `friendship` (`user_id`, `friend_id`, `status`, `requested_at`, `confirmed_at`) VALUES (65, 65, 'Velit dolores simili', '1999-09-06 22:46:54', '1988-03-25 23:38:52');
INSERT INTO `friendship` (`user_id`, `friend_id`, `status`, `requested_at`, `confirmed_at`) VALUES (66, 66, 'Corrupti saepe quia ', '2006-11-21 17:07:37', '1986-09-20 01:25:44');
INSERT INTO `friendship` (`user_id`, `friend_id`, `status`, `requested_at`, `confirmed_at`) VALUES (67, 67, 'Corporis et illum pe', '1998-04-30 04:19:04', '2012-09-03 14:03:16');
INSERT INTO `friendship` (`user_id`, `friend_id`, `status`, `requested_at`, `confirmed_at`) VALUES (68, 68, 'Recusandae ad nihil ', '1988-06-27 20:27:30', '1988-07-03 02:46:57');
INSERT INTO `friendship` (`user_id`, `friend_id`, `status`, `requested_at`, `confirmed_at`) VALUES (69, 69, 'Dolores nihil corrup', '1980-04-12 12:03:33', '2018-07-22 22:44:12');
INSERT INTO `friendship` (`user_id`, `friend_id`, `status`, `requested_at`, `confirmed_at`) VALUES (70, 70, 'Quo amet quis magnam', '2000-03-29 17:31:00', '1985-12-05 22:26:56');
INSERT INTO `friendship` (`user_id`, `friend_id`, `status`, `requested_at`, `confirmed_at`) VALUES (71, 71, 'Enim nesciunt repreh', '2001-09-29 09:24:56', '2002-11-26 04:41:02');
INSERT INTO `friendship` (`user_id`, `friend_id`, `status`, `requested_at`, `confirmed_at`) VALUES (72, 72, 'Rerum et magnam sed ', '2007-05-14 13:00:43', '2014-02-25 18:58:29');
INSERT INTO `friendship` (`user_id`, `friend_id`, `status`, `requested_at`, `confirmed_at`) VALUES (73, 73, 'Alias nemo repudiand', '2005-03-09 04:40:06', '2013-05-11 21:59:24');
INSERT INTO `friendship` (`user_id`, `friend_id`, `status`, `requested_at`, `confirmed_at`) VALUES (74, 74, 'Laudantium occaecati', '2013-03-01 07:15:13', '2006-02-01 15:33:07');
INSERT INTO `friendship` (`user_id`, `friend_id`, `status`, `requested_at`, `confirmed_at`) VALUES (75, 75, 'Doloremque non ad qu', '1987-04-06 07:45:06', '1991-11-10 21:35:44');
INSERT INTO `friendship` (`user_id`, `friend_id`, `status`, `requested_at`, `confirmed_at`) VALUES (76, 76, 'Veritatis laborum au', '2006-05-16 10:18:10', '2018-12-17 09:19:33');
INSERT INTO `friendship` (`user_id`, `friend_id`, `status`, `requested_at`, `confirmed_at`) VALUES (77, 77, 'Aspernatur impedit v', '1976-11-07 05:16:04', '2019-03-12 14:46:21');
INSERT INTO `friendship` (`user_id`, `friend_id`, `status`, `requested_at`, `confirmed_at`) VALUES (78, 78, 'Est occaecati evenie', '1977-06-28 20:04:56', '1984-12-06 23:35:07');
INSERT INTO `friendship` (`user_id`, `friend_id`, `status`, `requested_at`, `confirmed_at`) VALUES (79, 79, 'Deleniti temporibus ', '1971-08-09 09:33:19', '1994-11-23 08:21:43');
INSERT INTO `friendship` (`user_id`, `friend_id`, `status`, `requested_at`, `confirmed_at`) VALUES (80, 80, 'Ut vel in rerum.', '1985-10-29 00:27:27', '2009-08-07 03:28:48');
INSERT INTO `friendship` (`user_id`, `friend_id`, `status`, `requested_at`, `confirmed_at`) VALUES (81, 81, 'Repellendus in reici', '2011-05-11 21:01:37', '1997-09-19 21:59:45');
INSERT INTO `friendship` (`user_id`, `friend_id`, `status`, `requested_at`, `confirmed_at`) VALUES (82, 82, 'Distinctio iste ab t', '2013-05-29 09:16:54', '1997-06-22 23:54:00');
INSERT INTO `friendship` (`user_id`, `friend_id`, `status`, `requested_at`, `confirmed_at`) VALUES (83, 83, 'Reprehenderit maxime', '2010-05-23 19:27:28', '1978-03-12 07:21:50');
INSERT INTO `friendship` (`user_id`, `friend_id`, `status`, `requested_at`, `confirmed_at`) VALUES (84, 84, 'Voluptas at et id fu', '2004-10-06 06:48:03', '2010-06-28 16:09:19');
INSERT INTO `friendship` (`user_id`, `friend_id`, `status`, `requested_at`, `confirmed_at`) VALUES (85, 85, 'Occaecati sed except', '2012-05-18 20:59:43', '1993-07-12 23:45:10');
INSERT INTO `friendship` (`user_id`, `friend_id`, `status`, `requested_at`, `confirmed_at`) VALUES (86, 86, 'Sit autem aut facere', '2002-01-12 16:02:50', '2013-09-06 16:40:45');
INSERT INTO `friendship` (`user_id`, `friend_id`, `status`, `requested_at`, `confirmed_at`) VALUES (87, 87, 'Sed vel saepe eos ea', '1996-03-13 14:43:52', '1988-03-27 12:18:50');
INSERT INTO `friendship` (`user_id`, `friend_id`, `status`, `requested_at`, `confirmed_at`) VALUES (88, 88, 'Soluta vitae error q', '1981-06-17 02:37:24', '1984-11-04 02:02:37');
INSERT INTO `friendship` (`user_id`, `friend_id`, `status`, `requested_at`, `confirmed_at`) VALUES (89, 89, 'Fuga est autem iure.', '2014-10-14 09:14:45', '1978-05-09 07:36:47');
INSERT INTO `friendship` (`user_id`, `friend_id`, `status`, `requested_at`, `confirmed_at`) VALUES (90, 90, 'Ullam quia corrupti ', '2010-08-20 19:33:00', '1973-12-31 16:52:29');
INSERT INTO `friendship` (`user_id`, `friend_id`, `status`, `requested_at`, `confirmed_at`) VALUES (91, 91, 'Voluptates aperiam r', '1987-08-30 21:18:27', '1977-12-01 23:49:53');
INSERT INTO `friendship` (`user_id`, `friend_id`, `status`, `requested_at`, `confirmed_at`) VALUES (92, 92, 'Voluptas voluptatum ', '2008-05-26 11:34:18', '1991-01-23 11:18:19');
INSERT INTO `friendship` (`user_id`, `friend_id`, `status`, `requested_at`, `confirmed_at`) VALUES (93, 93, 'Harum ducimus qui mi', '1974-12-20 09:31:11', '1987-10-03 01:51:08');
INSERT INTO `friendship` (`user_id`, `friend_id`, `status`, `requested_at`, `confirmed_at`) VALUES (94, 94, 'Sint placeat perspic', '1994-06-29 08:43:32', '2015-01-13 07:45:17');
INSERT INTO `friendship` (`user_id`, `friend_id`, `status`, `requested_at`, `confirmed_at`) VALUES (95, 95, 'Et reprehenderit exe', '2008-04-17 11:55:16', '1982-02-16 12:10:03');
INSERT INTO `friendship` (`user_id`, `friend_id`, `status`, `requested_at`, `confirmed_at`) VALUES (96, 96, 'Ratione omnis non qu', '2013-04-02 09:50:03', '1986-07-13 12:43:57');
INSERT INTO `friendship` (`user_id`, `friend_id`, `status`, `requested_at`, `confirmed_at`) VALUES (97, 97, 'Voluptatem maxime ra', '2009-02-22 17:52:57', '2014-06-29 05:23:20');
INSERT INTO `friendship` (`user_id`, `friend_id`, `status`, `requested_at`, `confirmed_at`) VALUES (98, 98, 'Qui omnis autem tene', '1998-08-25 18:12:17', '1982-11-08 06:02:36');
INSERT INTO `friendship` (`user_id`, `friend_id`, `status`, `requested_at`, `confirmed_at`) VALUES (99, 99, 'Consequatur eius qui', '1999-10-28 14:22:55', '1975-09-22 03:07:24');
INSERT INTO `friendship` (`user_id`, `friend_id`, `status`, `requested_at`, `confirmed_at`) VALUES (100, 100, 'Quisquam et quo aut ', '1994-08-06 10:06:20', '2006-12-12 02:02:34');


#
# TABLE STRUCTURE FOR: likes_content
#

DROP TABLE IF EXISTS `likes_content`;

CREATE TABLE `likes_content` (
  `user_id` int(10) unsigned NOT NULL,
  `media_id` int(10) unsigned NOT NULL,
  PRIMARY KEY (`user_id`,`media_id`)
) ENGINE=InnoDB DEFAULT CHARSET=utf8 COLLATE=utf8_unicode_ci;

INSERT INTO `likes_content` (`user_id`, `media_id`) VALUES (1, 1);
INSERT INTO `likes_content` (`user_id`, `media_id`) VALUES (1, 101);
INSERT INTO `likes_content` (`user_id`, `media_id`) VALUES (1, 201);
INSERT INTO `likes_content` (`user_id`, `media_id`) VALUES (1, 301);
INSERT INTO `likes_content` (`user_id`, `media_id`) VALUES (1, 401);
INSERT INTO `likes_content` (`user_id`, `media_id`) VALUES (2, 2);
INSERT INTO `likes_content` (`user_id`, `media_id`) VALUES (2, 102);
INSERT INTO `likes_content` (`user_id`, `media_id`) VALUES (2, 202);
INSERT INTO `likes_content` (`user_id`, `media_id`) VALUES (2, 302);
INSERT INTO `likes_content` (`user_id`, `media_id`) VALUES (2, 402);
INSERT INTO `likes_content` (`user_id`, `media_id`) VALUES (3, 3);
INSERT INTO `likes_content` (`user_id`, `media_id`) VALUES (3, 103);
INSERT INTO `likes_content` (`user_id`, `media_id`) VALUES (3, 203);
INSERT INTO `likes_content` (`user_id`, `media_id`) VALUES (3, 303);
INSERT INTO `likes_content` (`user_id`, `media_id`) VALUES (3, 403);
INSERT INTO `likes_content` (`user_id`, `media_id`) VALUES (4, 4);
INSERT INTO `likes_content` (`user_id`, `media_id`) VALUES (4, 104);
INSERT INTO `likes_content` (`user_id`, `media_id`) VALUES (4, 204);
INSERT INTO `likes_content` (`user_id`, `media_id`) VALUES (4, 304);
INSERT INTO `likes_content` (`user_id`, `media_id`) VALUES (4, 404);
INSERT INTO `likes_content` (`user_id`, `media_id`) VALUES (5, 5);
INSERT INTO `likes_content` (`user_id`, `media_id`) VALUES (5, 105);
INSERT INTO `likes_content` (`user_id`, `media_id`) VALUES (5, 205);
INSERT INTO `likes_content` (`user_id`, `media_id`) VALUES (5, 305);
INSERT INTO `likes_content` (`user_id`, `media_id`) VALUES (5, 405);
INSERT INTO `likes_content` (`user_id`, `media_id`) VALUES (6, 6);
INSERT INTO `likes_content` (`user_id`, `media_id`) VALUES (6, 106);
INSERT INTO `likes_content` (`user_id`, `media_id`) VALUES (6, 206);
INSERT INTO `likes_content` (`user_id`, `media_id`) VALUES (6, 306);
INSERT INTO `likes_content` (`user_id`, `media_id`) VALUES (6, 406);
INSERT INTO `likes_content` (`user_id`, `media_id`) VALUES (7, 7);
INSERT INTO `likes_content` (`user_id`, `media_id`) VALUES (7, 107);
INSERT INTO `likes_content` (`user_id`, `media_id`) VALUES (7, 207);
INSERT INTO `likes_content` (`user_id`, `media_id`) VALUES (7, 307);
INSERT INTO `likes_content` (`user_id`, `media_id`) VALUES (7, 407);
INSERT INTO `likes_content` (`user_id`, `media_id`) VALUES (8, 8);
INSERT INTO `likes_content` (`user_id`, `media_id`) VALUES (8, 108);
INSERT INTO `likes_content` (`user_id`, `media_id`) VALUES (8, 208);
INSERT INTO `likes_content` (`user_id`, `media_id`) VALUES (8, 308);
INSERT INTO `likes_content` (`user_id`, `media_id`) VALUES (8, 408);
INSERT INTO `likes_content` (`user_id`, `media_id`) VALUES (9, 9);
INSERT INTO `likes_content` (`user_id`, `media_id`) VALUES (9, 109);
INSERT INTO `likes_content` (`user_id`, `media_id`) VALUES (9, 209);
INSERT INTO `likes_content` (`user_id`, `media_id`) VALUES (9, 309);
INSERT INTO `likes_content` (`user_id`, `media_id`) VALUES (9, 409);
INSERT INTO `likes_content` (`user_id`, `media_id`) VALUES (10, 10);
INSERT INTO `likes_content` (`user_id`, `media_id`) VALUES (10, 110);
INSERT INTO `likes_content` (`user_id`, `media_id`) VALUES (10, 210);
INSERT INTO `likes_content` (`user_id`, `media_id`) VALUES (10, 310);
INSERT INTO `likes_content` (`user_id`, `media_id`) VALUES (10, 410);
INSERT INTO `likes_content` (`user_id`, `media_id`) VALUES (11, 11);
INSERT INTO `likes_content` (`user_id`, `media_id`) VALUES (11, 111);
INSERT INTO `likes_content` (`user_id`, `media_id`) VALUES (11, 211);
INSERT INTO `likes_content` (`user_id`, `media_id`) VALUES (11, 311);
INSERT INTO `likes_content` (`user_id`, `media_id`) VALUES (11, 411);
INSERT INTO `likes_content` (`user_id`, `media_id`) VALUES (12, 12);
INSERT INTO `likes_content` (`user_id`, `media_id`) VALUES (12, 112);
INSERT INTO `likes_content` (`user_id`, `media_id`) VALUES (12, 212);
INSERT INTO `likes_content` (`user_id`, `media_id`) VALUES (12, 312);
INSERT INTO `likes_content` (`user_id`, `media_id`) VALUES (12, 412);
INSERT INTO `likes_content` (`user_id`, `media_id`) VALUES (13, 13);
INSERT INTO `likes_content` (`user_id`, `media_id`) VALUES (13, 113);
INSERT INTO `likes_content` (`user_id`, `media_id`) VALUES (13, 213);
INSERT INTO `likes_content` (`user_id`, `media_id`) VALUES (13, 313);
INSERT INTO `likes_content` (`user_id`, `media_id`) VALUES (13, 413);
INSERT INTO `likes_content` (`user_id`, `media_id`) VALUES (14, 14);
INSERT INTO `likes_content` (`user_id`, `media_id`) VALUES (14, 114);
INSERT INTO `likes_content` (`user_id`, `media_id`) VALUES (14, 214);
INSERT INTO `likes_content` (`user_id`, `media_id`) VALUES (14, 314);
INSERT INTO `likes_content` (`user_id`, `media_id`) VALUES (14, 414);
INSERT INTO `likes_content` (`user_id`, `media_id`) VALUES (15, 15);
INSERT INTO `likes_content` (`user_id`, `media_id`) VALUES (15, 115);
INSERT INTO `likes_content` (`user_id`, `media_id`) VALUES (15, 215);
INSERT INTO `likes_content` (`user_id`, `media_id`) VALUES (15, 315);
INSERT INTO `likes_content` (`user_id`, `media_id`) VALUES (15, 415);
INSERT INTO `likes_content` (`user_id`, `media_id`) VALUES (16, 16);
INSERT INTO `likes_content` (`user_id`, `media_id`) VALUES (16, 116);
INSERT INTO `likes_content` (`user_id`, `media_id`) VALUES (16, 216);
INSERT INTO `likes_content` (`user_id`, `media_id`) VALUES (16, 316);
INSERT INTO `likes_content` (`user_id`, `media_id`) VALUES (16, 416);
INSERT INTO `likes_content` (`user_id`, `media_id`) VALUES (17, 17);
INSERT INTO `likes_content` (`user_id`, `media_id`) VALUES (17, 117);
INSERT INTO `likes_content` (`user_id`, `media_id`) VALUES (17, 217);
INSERT INTO `likes_content` (`user_id`, `media_id`) VALUES (17, 317);
INSERT INTO `likes_content` (`user_id`, `media_id`) VALUES (17, 417);
INSERT INTO `likes_content` (`user_id`, `media_id`) VALUES (18, 18);
INSERT INTO `likes_content` (`user_id`, `media_id`) VALUES (18, 118);
INSERT INTO `likes_content` (`user_id`, `media_id`) VALUES (18, 218);
INSERT INTO `likes_content` (`user_id`, `media_id`) VALUES (18, 318);
INSERT INTO `likes_content` (`user_id`, `media_id`) VALUES (18, 418);
INSERT INTO `likes_content` (`user_id`, `media_id`) VALUES (19, 19);
INSERT INTO `likes_content` (`user_id`, `media_id`) VALUES (19, 119);
INSERT INTO `likes_content` (`user_id`, `media_id`) VALUES (19, 219);
INSERT INTO `likes_content` (`user_id`, `media_id`) VALUES (19, 319);
INSERT INTO `likes_content` (`user_id`, `media_id`) VALUES (19, 419);
INSERT INTO `likes_content` (`user_id`, `media_id`) VALUES (20, 20);
INSERT INTO `likes_content` (`user_id`, `media_id`) VALUES (20, 120);
INSERT INTO `likes_content` (`user_id`, `media_id`) VALUES (20, 220);
INSERT INTO `likes_content` (`user_id`, `media_id`) VALUES (20, 320);
INSERT INTO `likes_content` (`user_id`, `media_id`) VALUES (20, 420);
INSERT INTO `likes_content` (`user_id`, `media_id`) VALUES (21, 21);
INSERT INTO `likes_content` (`user_id`, `media_id`) VALUES (21, 121);
INSERT INTO `likes_content` (`user_id`, `media_id`) VALUES (21, 221);
INSERT INTO `likes_content` (`user_id`, `media_id`) VALUES (21, 321);
INSERT INTO `likes_content` (`user_id`, `media_id`) VALUES (21, 421);
INSERT INTO `likes_content` (`user_id`, `media_id`) VALUES (22, 22);
INSERT INTO `likes_content` (`user_id`, `media_id`) VALUES (22, 122);
INSERT INTO `likes_content` (`user_id`, `media_id`) VALUES (22, 222);
INSERT INTO `likes_content` (`user_id`, `media_id`) VALUES (22, 322);
INSERT INTO `likes_content` (`user_id`, `media_id`) VALUES (22, 422);
INSERT INTO `likes_content` (`user_id`, `media_id`) VALUES (23, 23);
INSERT INTO `likes_content` (`user_id`, `media_id`) VALUES (23, 123);
INSERT INTO `likes_content` (`user_id`, `media_id`) VALUES (23, 223);
INSERT INTO `likes_content` (`user_id`, `media_id`) VALUES (23, 323);
INSERT INTO `likes_content` (`user_id`, `media_id`) VALUES (23, 423);
INSERT INTO `likes_content` (`user_id`, `media_id`) VALUES (24, 24);
INSERT INTO `likes_content` (`user_id`, `media_id`) VALUES (24, 124);
INSERT INTO `likes_content` (`user_id`, `media_id`) VALUES (24, 224);
INSERT INTO `likes_content` (`user_id`, `media_id`) VALUES (24, 324);
INSERT INTO `likes_content` (`user_id`, `media_id`) VALUES (24, 424);
INSERT INTO `likes_content` (`user_id`, `media_id`) VALUES (25, 25);
INSERT INTO `likes_content` (`user_id`, `media_id`) VALUES (25, 125);
INSERT INTO `likes_content` (`user_id`, `media_id`) VALUES (25, 225);
INSERT INTO `likes_content` (`user_id`, `media_id`) VALUES (25, 325);
INSERT INTO `likes_content` (`user_id`, `media_id`) VALUES (25, 425);
INSERT INTO `likes_content` (`user_id`, `media_id`) VALUES (26, 26);
INSERT INTO `likes_content` (`user_id`, `media_id`) VALUES (26, 126);
INSERT INTO `likes_content` (`user_id`, `media_id`) VALUES (26, 226);
INSERT INTO `likes_content` (`user_id`, `media_id`) VALUES (26, 326);
INSERT INTO `likes_content` (`user_id`, `media_id`) VALUES (26, 426);
INSERT INTO `likes_content` (`user_id`, `media_id`) VALUES (27, 27);
INSERT INTO `likes_content` (`user_id`, `media_id`) VALUES (27, 127);
INSERT INTO `likes_content` (`user_id`, `media_id`) VALUES (27, 227);
INSERT INTO `likes_content` (`user_id`, `media_id`) VALUES (27, 327);
INSERT INTO `likes_content` (`user_id`, `media_id`) VALUES (27, 427);
INSERT INTO `likes_content` (`user_id`, `media_id`) VALUES (28, 28);
INSERT INTO `likes_content` (`user_id`, `media_id`) VALUES (28, 128);
INSERT INTO `likes_content` (`user_id`, `media_id`) VALUES (28, 228);
INSERT INTO `likes_content` (`user_id`, `media_id`) VALUES (28, 328);
INSERT INTO `likes_content` (`user_id`, `media_id`) VALUES (28, 428);
INSERT INTO `likes_content` (`user_id`, `media_id`) VALUES (29, 29);
INSERT INTO `likes_content` (`user_id`, `media_id`) VALUES (29, 129);
INSERT INTO `likes_content` (`user_id`, `media_id`) VALUES (29, 229);
INSERT INTO `likes_content` (`user_id`, `media_id`) VALUES (29, 329);
INSERT INTO `likes_content` (`user_id`, `media_id`) VALUES (29, 429);
INSERT INTO `likes_content` (`user_id`, `media_id`) VALUES (30, 30);
INSERT INTO `likes_content` (`user_id`, `media_id`) VALUES (30, 130);
INSERT INTO `likes_content` (`user_id`, `media_id`) VALUES (30, 230);
INSERT INTO `likes_content` (`user_id`, `media_id`) VALUES (30, 330);
INSERT INTO `likes_content` (`user_id`, `media_id`) VALUES (30, 430);
INSERT INTO `likes_content` (`user_id`, `media_id`) VALUES (31, 31);
INSERT INTO `likes_content` (`user_id`, `media_id`) VALUES (31, 131);
INSERT INTO `likes_content` (`user_id`, `media_id`) VALUES (31, 231);
INSERT INTO `likes_content` (`user_id`, `media_id`) VALUES (31, 331);
INSERT INTO `likes_content` (`user_id`, `media_id`) VALUES (31, 431);
INSERT INTO `likes_content` (`user_id`, `media_id`) VALUES (32, 32);
INSERT INTO `likes_content` (`user_id`, `media_id`) VALUES (32, 132);
INSERT INTO `likes_content` (`user_id`, `media_id`) VALUES (32, 232);
INSERT INTO `likes_content` (`user_id`, `media_id`) VALUES (32, 332);
INSERT INTO `likes_content` (`user_id`, `media_id`) VALUES (32, 432);
INSERT INTO `likes_content` (`user_id`, `media_id`) VALUES (33, 33);
INSERT INTO `likes_content` (`user_id`, `media_id`) VALUES (33, 133);
INSERT INTO `likes_content` (`user_id`, `media_id`) VALUES (33, 233);
INSERT INTO `likes_content` (`user_id`, `media_id`) VALUES (33, 333);
INSERT INTO `likes_content` (`user_id`, `media_id`) VALUES (33, 433);
INSERT INTO `likes_content` (`user_id`, `media_id`) VALUES (34, 34);
INSERT INTO `likes_content` (`user_id`, `media_id`) VALUES (34, 134);
INSERT INTO `likes_content` (`user_id`, `media_id`) VALUES (34, 234);
INSERT INTO `likes_content` (`user_id`, `media_id`) VALUES (34, 334);
INSERT INTO `likes_content` (`user_id`, `media_id`) VALUES (34, 434);
INSERT INTO `likes_content` (`user_id`, `media_id`) VALUES (35, 35);
INSERT INTO `likes_content` (`user_id`, `media_id`) VALUES (35, 135);
INSERT INTO `likes_content` (`user_id`, `media_id`) VALUES (35, 235);
INSERT INTO `likes_content` (`user_id`, `media_id`) VALUES (35, 335);
INSERT INTO `likes_content` (`user_id`, `media_id`) VALUES (35, 435);
INSERT INTO `likes_content` (`user_id`, `media_id`) VALUES (36, 36);
INSERT INTO `likes_content` (`user_id`, `media_id`) VALUES (36, 136);
INSERT INTO `likes_content` (`user_id`, `media_id`) VALUES (36, 236);
INSERT INTO `likes_content` (`user_id`, `media_id`) VALUES (36, 336);
INSERT INTO `likes_content` (`user_id`, `media_id`) VALUES (36, 436);
INSERT INTO `likes_content` (`user_id`, `media_id`) VALUES (37, 37);
INSERT INTO `likes_content` (`user_id`, `media_id`) VALUES (37, 137);
INSERT INTO `likes_content` (`user_id`, `media_id`) VALUES (37, 237);
INSERT INTO `likes_content` (`user_id`, `media_id`) VALUES (37, 337);
INSERT INTO `likes_content` (`user_id`, `media_id`) VALUES (37, 437);
INSERT INTO `likes_content` (`user_id`, `media_id`) VALUES (38, 38);
INSERT INTO `likes_content` (`user_id`, `media_id`) VALUES (38, 138);
INSERT INTO `likes_content` (`user_id`, `media_id`) VALUES (38, 238);
INSERT INTO `likes_content` (`user_id`, `media_id`) VALUES (38, 338);
INSERT INTO `likes_content` (`user_id`, `media_id`) VALUES (38, 438);
INSERT INTO `likes_content` (`user_id`, `media_id`) VALUES (39, 39);
INSERT INTO `likes_content` (`user_id`, `media_id`) VALUES (39, 139);
INSERT INTO `likes_content` (`user_id`, `media_id`) VALUES (39, 239);
INSERT INTO `likes_content` (`user_id`, `media_id`) VALUES (39, 339);
INSERT INTO `likes_content` (`user_id`, `media_id`) VALUES (39, 439);
INSERT INTO `likes_content` (`user_id`, `media_id`) VALUES (40, 40);
INSERT INTO `likes_content` (`user_id`, `media_id`) VALUES (40, 140);
INSERT INTO `likes_content` (`user_id`, `media_id`) VALUES (40, 240);
INSERT INTO `likes_content` (`user_id`, `media_id`) VALUES (40, 340);
INSERT INTO `likes_content` (`user_id`, `media_id`) VALUES (40, 440);
INSERT INTO `likes_content` (`user_id`, `media_id`) VALUES (41, 41);
INSERT INTO `likes_content` (`user_id`, `media_id`) VALUES (41, 141);
INSERT INTO `likes_content` (`user_id`, `media_id`) VALUES (41, 241);
INSERT INTO `likes_content` (`user_id`, `media_id`) VALUES (41, 341);
INSERT INTO `likes_content` (`user_id`, `media_id`) VALUES (41, 441);
INSERT INTO `likes_content` (`user_id`, `media_id`) VALUES (42, 42);
INSERT INTO `likes_content` (`user_id`, `media_id`) VALUES (42, 142);
INSERT INTO `likes_content` (`user_id`, `media_id`) VALUES (42, 242);
INSERT INTO `likes_content` (`user_id`, `media_id`) VALUES (42, 342);
INSERT INTO `likes_content` (`user_id`, `media_id`) VALUES (42, 442);
INSERT INTO `likes_content` (`user_id`, `media_id`) VALUES (43, 43);
INSERT INTO `likes_content` (`user_id`, `media_id`) VALUES (43, 143);
INSERT INTO `likes_content` (`user_id`, `media_id`) VALUES (43, 243);
INSERT INTO `likes_content` (`user_id`, `media_id`) VALUES (43, 343);
INSERT INTO `likes_content` (`user_id`, `media_id`) VALUES (43, 443);
INSERT INTO `likes_content` (`user_id`, `media_id`) VALUES (44, 44);
INSERT INTO `likes_content` (`user_id`, `media_id`) VALUES (44, 144);
INSERT INTO `likes_content` (`user_id`, `media_id`) VALUES (44, 244);
INSERT INTO `likes_content` (`user_id`, `media_id`) VALUES (44, 344);
INSERT INTO `likes_content` (`user_id`, `media_id`) VALUES (44, 444);
INSERT INTO `likes_content` (`user_id`, `media_id`) VALUES (45, 45);
INSERT INTO `likes_content` (`user_id`, `media_id`) VALUES (45, 145);
INSERT INTO `likes_content` (`user_id`, `media_id`) VALUES (45, 245);
INSERT INTO `likes_content` (`user_id`, `media_id`) VALUES (45, 345);
INSERT INTO `likes_content` (`user_id`, `media_id`) VALUES (45, 445);
INSERT INTO `likes_content` (`user_id`, `media_id`) VALUES (46, 46);
INSERT INTO `likes_content` (`user_id`, `media_id`) VALUES (46, 146);
INSERT INTO `likes_content` (`user_id`, `media_id`) VALUES (46, 246);
INSERT INTO `likes_content` (`user_id`, `media_id`) VALUES (46, 346);
INSERT INTO `likes_content` (`user_id`, `media_id`) VALUES (46, 446);
INSERT INTO `likes_content` (`user_id`, `media_id`) VALUES (47, 47);
INSERT INTO `likes_content` (`user_id`, `media_id`) VALUES (47, 147);
INSERT INTO `likes_content` (`user_id`, `media_id`) VALUES (47, 247);
INSERT INTO `likes_content` (`user_id`, `media_id`) VALUES (47, 347);
INSERT INTO `likes_content` (`user_id`, `media_id`) VALUES (47, 447);
INSERT INTO `likes_content` (`user_id`, `media_id`) VALUES (48, 48);
INSERT INTO `likes_content` (`user_id`, `media_id`) VALUES (48, 148);
INSERT INTO `likes_content` (`user_id`, `media_id`) VALUES (48, 248);
INSERT INTO `likes_content` (`user_id`, `media_id`) VALUES (48, 348);
INSERT INTO `likes_content` (`user_id`, `media_id`) VALUES (48, 448);
INSERT INTO `likes_content` (`user_id`, `media_id`) VALUES (49, 49);
INSERT INTO `likes_content` (`user_id`, `media_id`) VALUES (49, 149);
INSERT INTO `likes_content` (`user_id`, `media_id`) VALUES (49, 249);
INSERT INTO `likes_content` (`user_id`, `media_id`) VALUES (49, 349);
INSERT INTO `likes_content` (`user_id`, `media_id`) VALUES (49, 449);
INSERT INTO `likes_content` (`user_id`, `media_id`) VALUES (50, 50);
INSERT INTO `likes_content` (`user_id`, `media_id`) VALUES (50, 150);
INSERT INTO `likes_content` (`user_id`, `media_id`) VALUES (50, 250);
INSERT INTO `likes_content` (`user_id`, `media_id`) VALUES (50, 350);
INSERT INTO `likes_content` (`user_id`, `media_id`) VALUES (50, 450);
INSERT INTO `likes_content` (`user_id`, `media_id`) VALUES (51, 51);
INSERT INTO `likes_content` (`user_id`, `media_id`) VALUES (51, 151);
INSERT INTO `likes_content` (`user_id`, `media_id`) VALUES (51, 251);
INSERT INTO `likes_content` (`user_id`, `media_id`) VALUES (51, 351);
INSERT INTO `likes_content` (`user_id`, `media_id`) VALUES (51, 451);
INSERT INTO `likes_content` (`user_id`, `media_id`) VALUES (52, 52);
INSERT INTO `likes_content` (`user_id`, `media_id`) VALUES (52, 152);
INSERT INTO `likes_content` (`user_id`, `media_id`) VALUES (52, 252);
INSERT INTO `likes_content` (`user_id`, `media_id`) VALUES (52, 352);
INSERT INTO `likes_content` (`user_id`, `media_id`) VALUES (52, 452);
INSERT INTO `likes_content` (`user_id`, `media_id`) VALUES (53, 53);
INSERT INTO `likes_content` (`user_id`, `media_id`) VALUES (53, 153);
INSERT INTO `likes_content` (`user_id`, `media_id`) VALUES (53, 253);
INSERT INTO `likes_content` (`user_id`, `media_id`) VALUES (53, 353);
INSERT INTO `likes_content` (`user_id`, `media_id`) VALUES (53, 453);
INSERT INTO `likes_content` (`user_id`, `media_id`) VALUES (54, 54);
INSERT INTO `likes_content` (`user_id`, `media_id`) VALUES (54, 154);
INSERT INTO `likes_content` (`user_id`, `media_id`) VALUES (54, 254);
INSERT INTO `likes_content` (`user_id`, `media_id`) VALUES (54, 354);
INSERT INTO `likes_content` (`user_id`, `media_id`) VALUES (54, 454);
INSERT INTO `likes_content` (`user_id`, `media_id`) VALUES (55, 55);
INSERT INTO `likes_content` (`user_id`, `media_id`) VALUES (55, 155);
INSERT INTO `likes_content` (`user_id`, `media_id`) VALUES (55, 255);
INSERT INTO `likes_content` (`user_id`, `media_id`) VALUES (55, 355);
INSERT INTO `likes_content` (`user_id`, `media_id`) VALUES (55, 455);
INSERT INTO `likes_content` (`user_id`, `media_id`) VALUES (56, 56);
INSERT INTO `likes_content` (`user_id`, `media_id`) VALUES (56, 156);
INSERT INTO `likes_content` (`user_id`, `media_id`) VALUES (56, 256);
INSERT INTO `likes_content` (`user_id`, `media_id`) VALUES (56, 356);
INSERT INTO `likes_content` (`user_id`, `media_id`) VALUES (56, 456);
INSERT INTO `likes_content` (`user_id`, `media_id`) VALUES (57, 57);
INSERT INTO `likes_content` (`user_id`, `media_id`) VALUES (57, 157);
INSERT INTO `likes_content` (`user_id`, `media_id`) VALUES (57, 257);
INSERT INTO `likes_content` (`user_id`, `media_id`) VALUES (57, 357);
INSERT INTO `likes_content` (`user_id`, `media_id`) VALUES (57, 457);
INSERT INTO `likes_content` (`user_id`, `media_id`) VALUES (58, 58);
INSERT INTO `likes_content` (`user_id`, `media_id`) VALUES (58, 158);
INSERT INTO `likes_content` (`user_id`, `media_id`) VALUES (58, 258);
INSERT INTO `likes_content` (`user_id`, `media_id`) VALUES (58, 358);
INSERT INTO `likes_content` (`user_id`, `media_id`) VALUES (58, 458);
INSERT INTO `likes_content` (`user_id`, `media_id`) VALUES (59, 59);
INSERT INTO `likes_content` (`user_id`, `media_id`) VALUES (59, 159);
INSERT INTO `likes_content` (`user_id`, `media_id`) VALUES (59, 259);
INSERT INTO `likes_content` (`user_id`, `media_id`) VALUES (59, 359);
INSERT INTO `likes_content` (`user_id`, `media_id`) VALUES (59, 459);
INSERT INTO `likes_content` (`user_id`, `media_id`) VALUES (60, 60);
INSERT INTO `likes_content` (`user_id`, `media_id`) VALUES (60, 160);
INSERT INTO `likes_content` (`user_id`, `media_id`) VALUES (60, 260);
INSERT INTO `likes_content` (`user_id`, `media_id`) VALUES (60, 360);
INSERT INTO `likes_content` (`user_id`, `media_id`) VALUES (60, 460);
INSERT INTO `likes_content` (`user_id`, `media_id`) VALUES (61, 61);
INSERT INTO `likes_content` (`user_id`, `media_id`) VALUES (61, 161);
INSERT INTO `likes_content` (`user_id`, `media_id`) VALUES (61, 261);
INSERT INTO `likes_content` (`user_id`, `media_id`) VALUES (61, 361);
INSERT INTO `likes_content` (`user_id`, `media_id`) VALUES (61, 461);
INSERT INTO `likes_content` (`user_id`, `media_id`) VALUES (62, 62);
INSERT INTO `likes_content` (`user_id`, `media_id`) VALUES (62, 162);
INSERT INTO `likes_content` (`user_id`, `media_id`) VALUES (62, 262);
INSERT INTO `likes_content` (`user_id`, `media_id`) VALUES (62, 362);
INSERT INTO `likes_content` (`user_id`, `media_id`) VALUES (62, 462);
INSERT INTO `likes_content` (`user_id`, `media_id`) VALUES (63, 63);
INSERT INTO `likes_content` (`user_id`, `media_id`) VALUES (63, 163);
INSERT INTO `likes_content` (`user_id`, `media_id`) VALUES (63, 263);
INSERT INTO `likes_content` (`user_id`, `media_id`) VALUES (63, 363);
INSERT INTO `likes_content` (`user_id`, `media_id`) VALUES (63, 463);
INSERT INTO `likes_content` (`user_id`, `media_id`) VALUES (64, 64);
INSERT INTO `likes_content` (`user_id`, `media_id`) VALUES (64, 164);
INSERT INTO `likes_content` (`user_id`, `media_id`) VALUES (64, 264);
INSERT INTO `likes_content` (`user_id`, `media_id`) VALUES (64, 364);
INSERT INTO `likes_content` (`user_id`, `media_id`) VALUES (64, 464);
INSERT INTO `likes_content` (`user_id`, `media_id`) VALUES (65, 65);
INSERT INTO `likes_content` (`user_id`, `media_id`) VALUES (65, 165);
INSERT INTO `likes_content` (`user_id`, `media_id`) VALUES (65, 265);
INSERT INTO `likes_content` (`user_id`, `media_id`) VALUES (65, 365);
INSERT INTO `likes_content` (`user_id`, `media_id`) VALUES (65, 465);
INSERT INTO `likes_content` (`user_id`, `media_id`) VALUES (66, 66);
INSERT INTO `likes_content` (`user_id`, `media_id`) VALUES (66, 166);
INSERT INTO `likes_content` (`user_id`, `media_id`) VALUES (66, 266);
INSERT INTO `likes_content` (`user_id`, `media_id`) VALUES (66, 366);
INSERT INTO `likes_content` (`user_id`, `media_id`) VALUES (66, 466);
INSERT INTO `likes_content` (`user_id`, `media_id`) VALUES (67, 67);
INSERT INTO `likes_content` (`user_id`, `media_id`) VALUES (67, 167);
INSERT INTO `likes_content` (`user_id`, `media_id`) VALUES (67, 267);
INSERT INTO `likes_content` (`user_id`, `media_id`) VALUES (67, 367);
INSERT INTO `likes_content` (`user_id`, `media_id`) VALUES (67, 467);
INSERT INTO `likes_content` (`user_id`, `media_id`) VALUES (68, 68);
INSERT INTO `likes_content` (`user_id`, `media_id`) VALUES (68, 168);
INSERT INTO `likes_content` (`user_id`, `media_id`) VALUES (68, 268);
INSERT INTO `likes_content` (`user_id`, `media_id`) VALUES (68, 368);
INSERT INTO `likes_content` (`user_id`, `media_id`) VALUES (68, 468);
INSERT INTO `likes_content` (`user_id`, `media_id`) VALUES (69, 69);
INSERT INTO `likes_content` (`user_id`, `media_id`) VALUES (69, 169);
INSERT INTO `likes_content` (`user_id`, `media_id`) VALUES (69, 269);
INSERT INTO `likes_content` (`user_id`, `media_id`) VALUES (69, 369);
INSERT INTO `likes_content` (`user_id`, `media_id`) VALUES (69, 469);
INSERT INTO `likes_content` (`user_id`, `media_id`) VALUES (70, 70);
INSERT INTO `likes_content` (`user_id`, `media_id`) VALUES (70, 170);
INSERT INTO `likes_content` (`user_id`, `media_id`) VALUES (70, 270);
INSERT INTO `likes_content` (`user_id`, `media_id`) VALUES (70, 370);
INSERT INTO `likes_content` (`user_id`, `media_id`) VALUES (70, 470);
INSERT INTO `likes_content` (`user_id`, `media_id`) VALUES (71, 71);
INSERT INTO `likes_content` (`user_id`, `media_id`) VALUES (71, 171);
INSERT INTO `likes_content` (`user_id`, `media_id`) VALUES (71, 271);
INSERT INTO `likes_content` (`user_id`, `media_id`) VALUES (71, 371);
INSERT INTO `likes_content` (`user_id`, `media_id`) VALUES (71, 471);
INSERT INTO `likes_content` (`user_id`, `media_id`) VALUES (72, 72);
INSERT INTO `likes_content` (`user_id`, `media_id`) VALUES (72, 172);
INSERT INTO `likes_content` (`user_id`, `media_id`) VALUES (72, 272);
INSERT INTO `likes_content` (`user_id`, `media_id`) VALUES (72, 372);
INSERT INTO `likes_content` (`user_id`, `media_id`) VALUES (72, 472);
INSERT INTO `likes_content` (`user_id`, `media_id`) VALUES (73, 73);
INSERT INTO `likes_content` (`user_id`, `media_id`) VALUES (73, 173);
INSERT INTO `likes_content` (`user_id`, `media_id`) VALUES (73, 273);
INSERT INTO `likes_content` (`user_id`, `media_id`) VALUES (73, 373);
INSERT INTO `likes_content` (`user_id`, `media_id`) VALUES (73, 473);
INSERT INTO `likes_content` (`user_id`, `media_id`) VALUES (74, 74);
INSERT INTO `likes_content` (`user_id`, `media_id`) VALUES (74, 174);
INSERT INTO `likes_content` (`user_id`, `media_id`) VALUES (74, 274);
INSERT INTO `likes_content` (`user_id`, `media_id`) VALUES (74, 374);
INSERT INTO `likes_content` (`user_id`, `media_id`) VALUES (74, 474);
INSERT INTO `likes_content` (`user_id`, `media_id`) VALUES (75, 75);
INSERT INTO `likes_content` (`user_id`, `media_id`) VALUES (75, 175);
INSERT INTO `likes_content` (`user_id`, `media_id`) VALUES (75, 275);
INSERT INTO `likes_content` (`user_id`, `media_id`) VALUES (75, 375);
INSERT INTO `likes_content` (`user_id`, `media_id`) VALUES (75, 475);
INSERT INTO `likes_content` (`user_id`, `media_id`) VALUES (76, 76);
INSERT INTO `likes_content` (`user_id`, `media_id`) VALUES (76, 176);
INSERT INTO `likes_content` (`user_id`, `media_id`) VALUES (76, 276);
INSERT INTO `likes_content` (`user_id`, `media_id`) VALUES (76, 376);
INSERT INTO `likes_content` (`user_id`, `media_id`) VALUES (76, 476);
INSERT INTO `likes_content` (`user_id`, `media_id`) VALUES (77, 77);
INSERT INTO `likes_content` (`user_id`, `media_id`) VALUES (77, 177);
INSERT INTO `likes_content` (`user_id`, `media_id`) VALUES (77, 277);
INSERT INTO `likes_content` (`user_id`, `media_id`) VALUES (77, 377);
INSERT INTO `likes_content` (`user_id`, `media_id`) VALUES (77, 477);
INSERT INTO `likes_content` (`user_id`, `media_id`) VALUES (78, 78);
INSERT INTO `likes_content` (`user_id`, `media_id`) VALUES (78, 178);
INSERT INTO `likes_content` (`user_id`, `media_id`) VALUES (78, 278);
INSERT INTO `likes_content` (`user_id`, `media_id`) VALUES (78, 378);
INSERT INTO `likes_content` (`user_id`, `media_id`) VALUES (78, 478);
INSERT INTO `likes_content` (`user_id`, `media_id`) VALUES (79, 79);
INSERT INTO `likes_content` (`user_id`, `media_id`) VALUES (79, 179);
INSERT INTO `likes_content` (`user_id`, `media_id`) VALUES (79, 279);
INSERT INTO `likes_content` (`user_id`, `media_id`) VALUES (79, 379);
INSERT INTO `likes_content` (`user_id`, `media_id`) VALUES (79, 479);
INSERT INTO `likes_content` (`user_id`, `media_id`) VALUES (80, 80);
INSERT INTO `likes_content` (`user_id`, `media_id`) VALUES (80, 180);
INSERT INTO `likes_content` (`user_id`, `media_id`) VALUES (80, 280);
INSERT INTO `likes_content` (`user_id`, `media_id`) VALUES (80, 380);
INSERT INTO `likes_content` (`user_id`, `media_id`) VALUES (80, 480);
INSERT INTO `likes_content` (`user_id`, `media_id`) VALUES (81, 81);
INSERT INTO `likes_content` (`user_id`, `media_id`) VALUES (81, 181);
INSERT INTO `likes_content` (`user_id`, `media_id`) VALUES (81, 281);
INSERT INTO `likes_content` (`user_id`, `media_id`) VALUES (81, 381);
INSERT INTO `likes_content` (`user_id`, `media_id`) VALUES (81, 481);
INSERT INTO `likes_content` (`user_id`, `media_id`) VALUES (82, 82);
INSERT INTO `likes_content` (`user_id`, `media_id`) VALUES (82, 182);
INSERT INTO `likes_content` (`user_id`, `media_id`) VALUES (82, 282);
INSERT INTO `likes_content` (`user_id`, `media_id`) VALUES (82, 382);
INSERT INTO `likes_content` (`user_id`, `media_id`) VALUES (82, 482);
INSERT INTO `likes_content` (`user_id`, `media_id`) VALUES (83, 83);
INSERT INTO `likes_content` (`user_id`, `media_id`) VALUES (83, 183);
INSERT INTO `likes_content` (`user_id`, `media_id`) VALUES (83, 283);
INSERT INTO `likes_content` (`user_id`, `media_id`) VALUES (83, 383);
INSERT INTO `likes_content` (`user_id`, `media_id`) VALUES (83, 483);
INSERT INTO `likes_content` (`user_id`, `media_id`) VALUES (84, 84);
INSERT INTO `likes_content` (`user_id`, `media_id`) VALUES (84, 184);
INSERT INTO `likes_content` (`user_id`, `media_id`) VALUES (84, 284);
INSERT INTO `likes_content` (`user_id`, `media_id`) VALUES (84, 384);
INSERT INTO `likes_content` (`user_id`, `media_id`) VALUES (84, 484);
INSERT INTO `likes_content` (`user_id`, `media_id`) VALUES (85, 85);
INSERT INTO `likes_content` (`user_id`, `media_id`) VALUES (85, 185);
INSERT INTO `likes_content` (`user_id`, `media_id`) VALUES (85, 285);
INSERT INTO `likes_content` (`user_id`, `media_id`) VALUES (85, 385);
INSERT INTO `likes_content` (`user_id`, `media_id`) VALUES (85, 485);
INSERT INTO `likes_content` (`user_id`, `media_id`) VALUES (86, 86);
INSERT INTO `likes_content` (`user_id`, `media_id`) VALUES (86, 186);
INSERT INTO `likes_content` (`user_id`, `media_id`) VALUES (86, 286);
INSERT INTO `likes_content` (`user_id`, `media_id`) VALUES (86, 386);
INSERT INTO `likes_content` (`user_id`, `media_id`) VALUES (86, 486);
INSERT INTO `likes_content` (`user_id`, `media_id`) VALUES (87, 87);
INSERT INTO `likes_content` (`user_id`, `media_id`) VALUES (87, 187);
INSERT INTO `likes_content` (`user_id`, `media_id`) VALUES (87, 287);
INSERT INTO `likes_content` (`user_id`, `media_id`) VALUES (87, 387);
INSERT INTO `likes_content` (`user_id`, `media_id`) VALUES (87, 487);
INSERT INTO `likes_content` (`user_id`, `media_id`) VALUES (88, 88);
INSERT INTO `likes_content` (`user_id`, `media_id`) VALUES (88, 188);
INSERT INTO `likes_content` (`user_id`, `media_id`) VALUES (88, 288);
INSERT INTO `likes_content` (`user_id`, `media_id`) VALUES (88, 388);
INSERT INTO `likes_content` (`user_id`, `media_id`) VALUES (88, 488);
INSERT INTO `likes_content` (`user_id`, `media_id`) VALUES (89, 89);
INSERT INTO `likes_content` (`user_id`, `media_id`) VALUES (89, 189);
INSERT INTO `likes_content` (`user_id`, `media_id`) VALUES (89, 289);
INSERT INTO `likes_content` (`user_id`, `media_id`) VALUES (89, 389);
INSERT INTO `likes_content` (`user_id`, `media_id`) VALUES (89, 489);
INSERT INTO `likes_content` (`user_id`, `media_id`) VALUES (90, 90);
INSERT INTO `likes_content` (`user_id`, `media_id`) VALUES (90, 190);
INSERT INTO `likes_content` (`user_id`, `media_id`) VALUES (90, 290);
INSERT INTO `likes_content` (`user_id`, `media_id`) VALUES (90, 390);
INSERT INTO `likes_content` (`user_id`, `media_id`) VALUES (90, 490);
INSERT INTO `likes_content` (`user_id`, `media_id`) VALUES (91, 91);
INSERT INTO `likes_content` (`user_id`, `media_id`) VALUES (91, 191);
INSERT INTO `likes_content` (`user_id`, `media_id`) VALUES (91, 291);
INSERT INTO `likes_content` (`user_id`, `media_id`) VALUES (91, 391);
INSERT INTO `likes_content` (`user_id`, `media_id`) VALUES (91, 491);
INSERT INTO `likes_content` (`user_id`, `media_id`) VALUES (92, 92);
INSERT INTO `likes_content` (`user_id`, `media_id`) VALUES (92, 192);
INSERT INTO `likes_content` (`user_id`, `media_id`) VALUES (92, 292);
INSERT INTO `likes_content` (`user_id`, `media_id`) VALUES (92, 392);
INSERT INTO `likes_content` (`user_id`, `media_id`) VALUES (92, 492);
INSERT INTO `likes_content` (`user_id`, `media_id`) VALUES (93, 93);
INSERT INTO `likes_content` (`user_id`, `media_id`) VALUES (93, 193);
INSERT INTO `likes_content` (`user_id`, `media_id`) VALUES (93, 293);
INSERT INTO `likes_content` (`user_id`, `media_id`) VALUES (93, 393);
INSERT INTO `likes_content` (`user_id`, `media_id`) VALUES (93, 493);
INSERT INTO `likes_content` (`user_id`, `media_id`) VALUES (94, 94);
INSERT INTO `likes_content` (`user_id`, `media_id`) VALUES (94, 194);
INSERT INTO `likes_content` (`user_id`, `media_id`) VALUES (94, 294);
INSERT INTO `likes_content` (`user_id`, `media_id`) VALUES (94, 394);
INSERT INTO `likes_content` (`user_id`, `media_id`) VALUES (94, 494);
INSERT INTO `likes_content` (`user_id`, `media_id`) VALUES (95, 95);
INSERT INTO `likes_content` (`user_id`, `media_id`) VALUES (95, 195);
INSERT INTO `likes_content` (`user_id`, `media_id`) VALUES (95, 295);
INSERT INTO `likes_content` (`user_id`, `media_id`) VALUES (95, 395);
INSERT INTO `likes_content` (`user_id`, `media_id`) VALUES (95, 495);
INSERT INTO `likes_content` (`user_id`, `media_id`) VALUES (96, 96);
INSERT INTO `likes_content` (`user_id`, `media_id`) VALUES (96, 196);
INSERT INTO `likes_content` (`user_id`, `media_id`) VALUES (96, 296);
INSERT INTO `likes_content` (`user_id`, `media_id`) VALUES (96, 396);
INSERT INTO `likes_content` (`user_id`, `media_id`) VALUES (96, 496);
INSERT INTO `likes_content` (`user_id`, `media_id`) VALUES (97, 97);
INSERT INTO `likes_content` (`user_id`, `media_id`) VALUES (97, 197);
INSERT INTO `likes_content` (`user_id`, `media_id`) VALUES (97, 297);
INSERT INTO `likes_content` (`user_id`, `media_id`) VALUES (97, 397);
INSERT INTO `likes_content` (`user_id`, `media_id`) VALUES (97, 497);
INSERT INTO `likes_content` (`user_id`, `media_id`) VALUES (98, 98);
INSERT INTO `likes_content` (`user_id`, `media_id`) VALUES (98, 198);
INSERT INTO `likes_content` (`user_id`, `media_id`) VALUES (98, 298);
INSERT INTO `likes_content` (`user_id`, `media_id`) VALUES (98, 398);
INSERT INTO `likes_content` (`user_id`, `media_id`) VALUES (98, 498);
INSERT INTO `likes_content` (`user_id`, `media_id`) VALUES (99, 99);
INSERT INTO `likes_content` (`user_id`, `media_id`) VALUES (99, 199);
INSERT INTO `likes_content` (`user_id`, `media_id`) VALUES (99, 299);
INSERT INTO `likes_content` (`user_id`, `media_id`) VALUES (99, 399);
INSERT INTO `likes_content` (`user_id`, `media_id`) VALUES (99, 499);
INSERT INTO `likes_content` (`user_id`, `media_id`) VALUES (100, 100);
INSERT INTO `likes_content` (`user_id`, `media_id`) VALUES (100, 200);
INSERT INTO `likes_content` (`user_id`, `media_id`) VALUES (100, 300);
INSERT INTO `likes_content` (`user_id`, `media_id`) VALUES (100, 400);
INSERT INTO `likes_content` (`user_id`, `media_id`) VALUES (100, 500);


#
# TABLE STRUCTURE FOR: media
#

DROP TABLE IF EXISTS `media`;

CREATE TABLE `media` (
  `id` int(10) unsigned NOT NULL AUTO_INCREMENT,
  `media_type_id` int(10) unsigned NOT NULL,
  `user_id` int(10) unsigned NOT NULL,
  `filename` varchar(255) COLLATE utf8_unicode_ci NOT NULL,
  `size` int(11) NOT NULL,
  `metadata` longtext CHARACTER SET utf8mb4 COLLATE utf8mb4_bin DEFAULT NULL,
  `created_at` datetime DEFAULT current_timestamp(),
  `updated_at` datetime DEFAULT current_timestamp() ON UPDATE current_timestamp(),
  PRIMARY KEY (`id`)
) ENGINE=InnoDB AUTO_INCREMENT=501 DEFAULT CHARSET=utf8 COLLATE=utf8_unicode_ci;

INSERT INTO `media` (`id`, `media_type_id`, `user_id`, `filename`, `size`, `metadata`, `created_at`, `updated_at`) VALUES (1, 1, 1, 'application/vnd.oasis.opendocument.graphics-template', 684691, '1dee88e2801da82bef6be5d28cb64bed8d8b3e09f85ccc2caff3c11762b56b9f', '1982-05-17 02:43:01', '2008-11-20 16:48:36');
INSERT INTO `media` (`id`, `media_type_id`, `user_id`, `filename`, `size`, `metadata`, `created_at`, `updated_at`) VALUES (2, 2, 2, 'application/wsdl+xml', 51, '111db1869c051a04d2b6ddd5e969d6c79cb0423819872d487a51b02d11b23988', '1992-03-05 17:43:11', '1980-03-11 14:26:18');
INSERT INTO `media` (`id`, `media_type_id`, `user_id`, `filename`, `size`, `metadata`, `created_at`, `updated_at`) VALUES (3, 3, 3, 'application/java-vm', 6148, 'f72aed29dbd76b1d6def390c8b5b5d663ab8006d01cd0c0875f155d6c8015698', '1972-10-18 23:17:31', '2017-09-19 20:29:31');
INSERT INTO `media` (`id`, `media_type_id`, `user_id`, `filename`, `size`, `metadata`, `created_at`, `updated_at`) VALUES (4, 4, 4, 'application/vnd.wordperfect', 0, '38f67dae1744f5f52060986379ea56b08d5a4d6fc85a32aca0d4f9a7ebc60582', '1990-01-24 19:25:57', '1985-10-15 04:33:41');
INSERT INTO `media` (`id`, `media_type_id`, `user_id`, `filename`, `size`, `metadata`, `created_at`, `updated_at`) VALUES (5, 5, 5, 'model/vnd.mts', 0, 'd28fdcf560012db3de4fdcd518aaadc9c8bc973b794ad78457121e88bc13776f', '1989-12-07 22:30:34', '1983-09-24 15:41:44');
INSERT INTO `media` (`id`, `media_type_id`, `user_id`, `filename`, `size`, `metadata`, `created_at`, `updated_at`) VALUES (6, 1, 6, 'application/x-chat', 5596, 'b94da1d10646bbbdafcc5c9141b64938ec25016d339bb05c203c125a93790f21', '2018-01-02 18:07:18', '1978-08-14 10:27:17');
INSERT INTO `media` (`id`, `media_type_id`, `user_id`, `filename`, `size`, `metadata`, `created_at`, `updated_at`) VALUES (7, 2, 7, 'video/x-mng', 740780143, 'c22a2b3fd684c8f94a9f146309aa14a8a8379925205d6ff0cfa71b1090634f2f', '2017-10-21 23:06:55', '2017-02-26 23:54:46');
INSERT INTO `media` (`id`, `media_type_id`, `user_id`, `filename`, `size`, `metadata`, `created_at`, `updated_at`) VALUES (8, 3, 8, 'application/vnd.lotus-approach', 6806, 'afbe8cbd2f52662ee8f55d026cc5eb707bd0f58ac34fddb9d700a741e8301d64', '2001-09-13 20:35:28', '1987-11-27 00:18:47');
INSERT INTO `media` (`id`, `media_type_id`, `user_id`, `filename`, `size`, `metadata`, `created_at`, `updated_at`) VALUES (9, 4, 9, 'text/calendar', 1520357, 'c3faf0e6ebf863e473281ef435ad5e04030592e97715616fdf70ae288bf20074', '1972-10-19 16:35:53', '1977-03-26 19:16:14');
INSERT INTO `media` (`id`, `media_type_id`, `user_id`, `filename`, `size`, `metadata`, `created_at`, `updated_at`) VALUES (10, 5, 10, 'application/vnd.openxmlformats-officedocument.presentationml.presentation', 88, 'dbb67758c7ff5fa3f89ca039423b3e087f6e8a3182aac8210e5dab015c508778', '1988-06-11 15:30:01', '2011-01-27 09:21:05');
INSERT INTO `media` (`id`, `media_type_id`, `user_id`, `filename`, `size`, `metadata`, `created_at`, `updated_at`) VALUES (11, 1, 11, 'application/vnd.dece.data', 8903, '49b377cb995db38931d97c8941fc41993a1a3b0b80b95bc112cedbbfd72f7f5d', '1976-08-11 10:03:17', '1980-03-11 20:43:25');
INSERT INTO `media` (`id`, `media_type_id`, `user_id`, `filename`, `size`, `metadata`, `created_at`, `updated_at`) VALUES (12, 2, 12, 'application/x-freearc', 5, '0c181098649bd632e072f70549c523d4687713b5dc94dcddc6d35858c88cd59e', '1989-02-06 05:06:47', '1973-11-25 21:17:15');
INSERT INTO `media` (`id`, `media_type_id`, `user_id`, `filename`, `size`, `metadata`, `created_at`, `updated_at`) VALUES (13, 3, 13, 'application/vnd.oasis.opendocument.graphics-template', 0, 'b65f2114798f91f2988852aae8eae467da641fb83fc69e69684046a38099711d', '2010-03-12 07:17:47', '1982-09-03 09:03:15');
INSERT INTO `media` (`id`, `media_type_id`, `user_id`, `filename`, `size`, `metadata`, `created_at`, `updated_at`) VALUES (14, 4, 14, 'application/xcap-diff+xml', 137914359, '374a010a06fd6820785d28bd013b45e9864ebbfd80e180c0cd6f993a983984f1', '2011-04-06 20:52:20', '2006-12-09 15:16:08');
INSERT INTO `media` (`id`, `media_type_id`, `user_id`, `filename`, `size`, `metadata`, `created_at`, `updated_at`) VALUES (15, 5, 15, 'application/vnd.llamagraphics.life-balance.exchange+xml', 8333, 'ab8dcf430cefddbd8001f4b7b7bf5e4c9ddf9dd8512ebe8f31f713b10a4b9a15', '1990-02-23 21:23:07', '1990-07-23 20:21:15');
INSERT INTO `media` (`id`, `media_type_id`, `user_id`, `filename`, `size`, `metadata`, `created_at`, `updated_at`) VALUES (16, 1, 16, 'application/vnd.oasis.opendocument.spreadsheet', 410, 'bbc78f49d4e272c412c45558a79dd536f2b32a35d165d8a68998d52297416346', '2013-11-04 19:01:24', '1977-06-06 13:53:22');
INSERT INTO `media` (`id`, `media_type_id`, `user_id`, `filename`, `size`, `metadata`, `created_at`, `updated_at`) VALUES (17, 2, 17, 'application/x-tex-tfm', 7, '5fe4e925e5b406564eea4c81ab66baf6340b734ce80738e7aacde0d6828ed8fa', '2000-01-21 22:57:07', '2010-09-02 11:44:05');
INSERT INTO `media` (`id`, `media_type_id`, `user_id`, `filename`, `size`, `metadata`, `created_at`, `updated_at`) VALUES (18, 3, 18, 'application/x-debian-package', 758, '5f7ce6d20f9338d960e9d9ef18a23c4de0fe4e8611e88e0443ca2d62376bee2f', '2016-10-30 02:32:08', '2007-06-30 08:25:12');
INSERT INTO `media` (`id`, `media_type_id`, `user_id`, `filename`, `size`, `metadata`, `created_at`, `updated_at`) VALUES (19, 4, 19, 'application/x-tex', 80, '60e32b253b7d5845b8b827c236c73d90a6188be7e7bee92dae0590ff7e2a8262', '2001-03-16 21:09:49', '2014-01-13 05:30:08');
INSERT INTO `media` (`id`, `media_type_id`, `user_id`, `filename`, `size`, `metadata`, `created_at`, `updated_at`) VALUES (20, 5, 20, 'application/vnd.sun.xml.writer', 9373452, '97f7a5589a712408ab6112fdd97ec7fa3a87b82231f1e0c2006b8a2db1d983cd', '1979-11-19 20:51:58', '1988-10-07 19:46:27');
INSERT INTO `media` (`id`, `media_type_id`, `user_id`, `filename`, `size`, `metadata`, `created_at`, `updated_at`) VALUES (21, 1, 21, 'application/sbml+xml', 35094, '6e91f1004d790610d7369b0a72a8b23cee650090b2409f02b983df0957aa88a8', '2004-08-11 12:20:15', '1981-05-17 15:18:00');
INSERT INTO `media` (`id`, `media_type_id`, `user_id`, `filename`, `size`, `metadata`, `created_at`, `updated_at`) VALUES (22, 2, 22, 'video/3gpp', 209188, 'f4dc2a1d61068bf2341b9f96c29d0ec93cb6fe41a005f81bc99acf8473a1b965', '1998-06-16 20:51:07', '1975-10-25 07:11:48');
INSERT INTO `media` (`id`, `media_type_id`, `user_id`, `filename`, `size`, `metadata`, `created_at`, `updated_at`) VALUES (23, 3, 23, 'image/vnd.dxf', 166191, '575ad97e407981eaaec1f5aa12bcf7a7de907cde9dae345aad9ea364d4a5c2fb', '2012-03-10 15:56:48', '2017-05-26 00:05:33');
INSERT INTO `media` (`id`, `media_type_id`, `user_id`, `filename`, `size`, `metadata`, `created_at`, `updated_at`) VALUES (24, 4, 24, 'model/vnd.gdl', 313530, 'dc3df649d5dd67a343eab572900cd0c1b7bdc3e170c85461579e927f84bc1410', '2013-02-27 05:25:45', '2012-06-19 07:35:44');
INSERT INTO `media` (`id`, `media_type_id`, `user_id`, `filename`, `size`, `metadata`, `created_at`, `updated_at`) VALUES (25, 5, 25, 'application/vnd.svd', 6228706, '06607284197e5cf9b7240e18136dfe25d0da0aa1cf1e3ca11dbf980bac52cd0f', '2011-05-10 09:59:46', '1987-04-17 16:31:49');
INSERT INTO `media` (`id`, `media_type_id`, `user_id`, `filename`, `size`, `metadata`, `created_at`, `updated_at`) VALUES (26, 1, 26, 'image/x-cmu-raster', 23, '0e718571252efb9e503262e9b47ff14613ca5439006be617dd94f0798277e9ab', '1986-11-02 21:29:32', '2016-12-27 09:20:33');
INSERT INTO `media` (`id`, `media_type_id`, `user_id`, `filename`, `size`, `metadata`, `created_at`, `updated_at`) VALUES (27, 2, 27, 'application/x-tgif', 7173737, '7f178aa0fbc43391e5b2be9668084b73013834be830902bcd2a11877e5c1c763', '1981-07-16 01:37:54', '1975-05-06 07:52:58');
INSERT INTO `media` (`id`, `media_type_id`, `user_id`, `filename`, `size`, `metadata`, `created_at`, `updated_at`) VALUES (28, 3, 28, 'application/vnd.kidspiration', 2656019, '9248cca950a14d3770f5a93fe42ae3b5caefb09ff1ecf8345da34d1a77f51f15', '2016-06-28 22:18:35', '1998-05-18 16:46:35');
INSERT INTO `media` (`id`, `media_type_id`, `user_id`, `filename`, `size`, `metadata`, `created_at`, `updated_at`) VALUES (29, 4, 29, 'application/vnd.kde.kspread', 69501, 'd85a5616032549ab155f1a1dde5549980de4e565e6b1a9ec2192bbdb050b38bc', '2001-09-05 08:04:07', '2009-06-26 00:18:01');
INSERT INTO `media` (`id`, `media_type_id`, `user_id`, `filename`, `size`, `metadata`, `created_at`, `updated_at`) VALUES (30, 5, 30, 'model/x3d+vrml', 7210050, 'ccd663950eff7e2073106a29277704d8a77e9304dae80d33b1daf11ff1548a94', '2004-10-03 10:21:39', '1997-05-16 23:19:11');
INSERT INTO `media` (`id`, `media_type_id`, `user_id`, `filename`, `size`, `metadata`, `created_at`, `updated_at`) VALUES (31, 1, 31, 'application/x-tex-tfm', 422, '3080c7e0aa4a843aca5b186ec5a28dd5cc6f527f3a42e0daf203ef3363a5d489', '1994-11-24 08:42:33', '1987-12-02 11:02:28');
INSERT INTO `media` (`id`, `media_type_id`, `user_id`, `filename`, `size`, `metadata`, `created_at`, `updated_at`) VALUES (32, 2, 32, 'application/zip', 129950, 'f2b1248336618f5c68ac92381dac8992dafe5e7f6c884856b4d8e2ec12aa3433', '1985-06-19 18:38:10', '2019-05-07 07:41:31');
INSERT INTO `media` (`id`, `media_type_id`, `user_id`, `filename`, `size`, `metadata`, `created_at`, `updated_at`) VALUES (33, 3, 33, 'application/json', 0, 'cd13b95438b8a4740532bb660a14ca1c20f706cd58d27e33a35da7ac910c1b46', '1978-06-13 13:24:21', '1995-07-04 04:54:52');
INSERT INTO `media` (`id`, `media_type_id`, `user_id`, `filename`, `size`, `metadata`, `created_at`, `updated_at`) VALUES (34, 4, 34, 'audio/x-flac', 169, 'a8a730c99680ca321257c35600f7ebb520f23d2d76e176ac6a329b1c5f5ac2b7', '2006-01-19 17:31:16', '2004-11-09 03:48:08');
INSERT INTO `media` (`id`, `media_type_id`, `user_id`, `filename`, `size`, `metadata`, `created_at`, `updated_at`) VALUES (35, 5, 35, 'application/vnd.sailingtracker.track', 81, '2b2b570dd40e8f6dba86f998741dd9ec32adf823e933db92a2c8e8949ba62bcf', '2015-11-16 05:48:30', '1997-07-20 13:24:55');
INSERT INTO `media` (`id`, `media_type_id`, `user_id`, `filename`, `size`, `metadata`, `created_at`, `updated_at`) VALUES (36, 1, 36, 'image/x-portable-anymap', 2, 'fcf4e9272a8286b41767a9288aca898101ccdfc856a51125f48c4846a53a890a', '1979-10-05 03:14:51', '2005-01-13 17:08:59');
INSERT INTO `media` (`id`, `media_type_id`, `user_id`, `filename`, `size`, `metadata`, `created_at`, `updated_at`) VALUES (37, 2, 37, 'text/x-sfv', 66546, 'ed880af5788fb9c78a2434ca7250a0b76f2954fb86675419aad6b36fbe6be271', '2012-03-09 15:05:24', '1974-09-16 22:09:18');
INSERT INTO `media` (`id`, `media_type_id`, `user_id`, `filename`, `size`, `metadata`, `created_at`, `updated_at`) VALUES (38, 3, 38, 'application/vnd.trid.tpt', 8, '38bcf03e12a6831de8f737553f6a5dae1b570957dee45c9f85858baeaf9929e9', '2004-07-18 12:47:08', '1987-01-14 12:11:43');
INSERT INTO `media` (`id`, `media_type_id`, `user_id`, `filename`, `size`, `metadata`, `created_at`, `updated_at`) VALUES (39, 4, 39, 'text/tab-separated-values', 245994491, 'cf23634e3beff5e07c1454af7fa09c9a36d33d2e8144a5e133bab1ad0bbe293b', '2003-08-19 03:21:30', '1989-01-29 06:44:10');
INSERT INTO `media` (`id`, `media_type_id`, `user_id`, `filename`, `size`, `metadata`, `created_at`, `updated_at`) VALUES (40, 5, 40, 'application/x-subrip', 16640721, '23fa7b5374feca8d3979fac55709ac47c5f3aab82d39f73a877f03b53ab0db19', '1975-02-22 18:51:04', '2008-02-12 06:55:30');
INSERT INTO `media` (`id`, `media_type_id`, `user_id`, `filename`, `size`, `metadata`, `created_at`, `updated_at`) VALUES (41, 1, 41, 'application/vnd.symbian.install', 425, 'cb8bff1e15f49127554f46595495c681707376b43f3348e48384065f42128c61', '2006-04-27 01:29:39', '1979-03-31 17:40:41');
INSERT INTO `media` (`id`, `media_type_id`, `user_id`, `filename`, `size`, `metadata`, `created_at`, `updated_at`) VALUES (42, 2, 42, 'model/vrml', 752342231, '8d6d06a952234508e6d0be28283fad8edbbf57d4360ff84b841f3736630e436b', '1984-03-13 06:38:20', '2008-06-22 21:26:17');
INSERT INTO `media` (`id`, `media_type_id`, `user_id`, `filename`, `size`, `metadata`, `created_at`, `updated_at`) VALUES (43, 3, 43, 'image/webp', 61602, 'bef22610f962f76e2c2bbe95c0a5ebeb2996825756cfb3ae7520bacca94547fe', '1991-07-11 23:09:00', '1985-10-01 05:42:24');
INSERT INTO `media` (`id`, `media_type_id`, `user_id`, `filename`, `size`, `metadata`, `created_at`, `updated_at`) VALUES (44, 4, 44, 'application/vnd.ufdl', 0, 'dc4bf0143ce247fbf3a44ef55bf74b7106a1ebd8571a53ef3f6749c215b45516', '1995-05-25 20:29:49', '1974-08-07 23:19:06');
INSERT INTO `media` (`id`, `media_type_id`, `user_id`, `filename`, `size`, `metadata`, `created_at`, `updated_at`) VALUES (45, 5, 45, 'application/x-csh', 4838, '9f96c4f34088503decf0ce3e0d97a9f7e1ae4a605e77a44fd747b7d63d425e19', '1974-07-09 01:28:59', '2014-12-30 10:34:54');
INSERT INTO `media` (`id`, `media_type_id`, `user_id`, `filename`, `size`, `metadata`, `created_at`, `updated_at`) VALUES (46, 1, 46, 'application/vnd.ms-project', 7194207, '4d8b9828708a30c462ad14fddc498b7301b6305240407e25f57a896f7f91442c', '1972-06-19 13:04:12', '1993-05-19 09:16:33');
INSERT INTO `media` (`id`, `media_type_id`, `user_id`, `filename`, `size`, `metadata`, `created_at`, `updated_at`) VALUES (47, 2, 47, 'application/vnd.oasis.opendocument.presentation-template', 43395353, '9c6626e6003c23c66555718d64849233af66d450230223ba210296bf97c4d78c', '1985-06-24 13:00:03', '1981-03-23 19:13:32');
INSERT INTO `media` (`id`, `media_type_id`, `user_id`, `filename`, `size`, `metadata`, `created_at`, `updated_at`) VALUES (48, 3, 48, 'application/vnd.ms-ims', 8, '0c451fe91c0495c6c68fb65f38bb3031c41dd1df509ff9ea588335b3cf6597e5', '1986-08-19 19:49:37', '1975-05-19 18:23:26');
INSERT INTO `media` (`id`, `media_type_id`, `user_id`, `filename`, `size`, `metadata`, `created_at`, `updated_at`) VALUES (49, 4, 49, 'application/pgp-encrypted', 411, '38778664441492db122219b71b957b70eab7431f28e77ecaa17a6b52942ca507', '1996-11-30 23:15:07', '1986-08-08 13:34:14');
INSERT INTO `media` (`id`, `media_type_id`, `user_id`, `filename`, `size`, `metadata`, `created_at`, `updated_at`) VALUES (50, 5, 50, 'application/x-cdlink', 1, '4114e9955b5ac1d98003a93ec09add79e0b9aa4735d3e618df464112cadf7d80', '2001-12-28 05:00:43', '2016-08-26 00:16:18');
INSERT INTO `media` (`id`, `media_type_id`, `user_id`, `filename`, `size`, `metadata`, `created_at`, `updated_at`) VALUES (51, 1, 51, 'video/vnd.mpegurl', 6342952, '59b254ad741478d8d6a309e10dc179f7823468f004d7b0807699c3145dbff2c0', '1984-04-28 14:07:11', '1970-11-28 22:21:31');
INSERT INTO `media` (`id`, `media_type_id`, `user_id`, `filename`, `size`, `metadata`, `created_at`, `updated_at`) VALUES (52, 2, 52, 'application/vnd.smaf', 4677, '74690a852866fb966860b5469ff08acc8c752b9b29c4007f3b3e776b63155269', '2000-12-14 02:09:22', '2012-07-06 11:29:06');
INSERT INTO `media` (`id`, `media_type_id`, `user_id`, `filename`, `size`, `metadata`, `created_at`, `updated_at`) VALUES (53, 3, 53, 'application/x-xz', 54417, 'd411b447ae437ca5d30ab0ece09075131f1ba1b7c022501eaa54f47303f159e0', '2005-07-29 19:22:46', '1972-09-16 17:21:08');
INSERT INTO `media` (`id`, `media_type_id`, `user_id`, `filename`, `size`, `metadata`, `created_at`, `updated_at`) VALUES (54, 4, 54, 'application/vnd.llamagraphics.life-balance.exchange+xml', 9, '9f2b531a9403b2252fe16378525a9ced7b06f7d375ed3309aacbd8dbe3d1f479', '2005-05-26 17:01:02', '1986-11-14 02:35:37');
INSERT INTO `media` (`id`, `media_type_id`, `user_id`, `filename`, `size`, `metadata`, `created_at`, `updated_at`) VALUES (55, 5, 55, 'application/x-msmetafile', 370218, '649a816ddc89ccd75bd5a55903e3ea0b17c6c9eedecccd0768f13bcbdccd8338', '1989-08-12 09:21:08', '1987-08-01 05:36:47');
INSERT INTO `media` (`id`, `media_type_id`, `user_id`, `filename`, `size`, `metadata`, `created_at`, `updated_at`) VALUES (56, 1, 56, 'application/pkix-pkipath', 2049643, '534411031042f06f0b11824492d77d87a018c91d1b16cf99091c5d1f7f3f3fe9', '2012-12-22 23:11:41', '2019-03-23 18:54:55');
INSERT INTO `media` (`id`, `media_type_id`, `user_id`, `filename`, `size`, `metadata`, `created_at`, `updated_at`) VALUES (57, 2, 57, 'audio/ogg', 286676722, '47e717b73cbdeefcd078f54b0bb42866930baad1c0344c349db7c70425177658', '1993-10-31 23:15:11', '1975-03-18 20:12:59');
INSERT INTO `media` (`id`, `media_type_id`, `user_id`, `filename`, `size`, `metadata`, `created_at`, `updated_at`) VALUES (58, 3, 58, 'application/vnd.ms-excel.template.macroenabled.12', 47, '472d2d75c509a44c1e88b491be46abc5950e0a294f4c4e5c549200b993ac5c8e', '2001-07-16 07:27:15', '1980-07-23 07:38:41');
INSERT INTO `media` (`id`, `media_type_id`, `user_id`, `filename`, `size`, `metadata`, `created_at`, `updated_at`) VALUES (59, 4, 59, 'application/vnd.shana.informed.formdata', 58700, '74bdb0a894eb8722648511751aee0431ee957f293a0820d0434003a7433a5ad9', '2000-09-09 04:02:16', '1980-03-18 13:48:37');
INSERT INTO `media` (`id`, `media_type_id`, `user_id`, `filename`, `size`, `metadata`, `created_at`, `updated_at`) VALUES (60, 5, 60, 'image/vnd.dece.graphic', 63825450, 'e7ec949c235f5271e2deec2661d0edb8223fdbdc313e804d2e0580e0f381b731', '1999-07-27 21:41:43', '2008-05-26 20:41:18');
INSERT INTO `media` (`id`, `media_type_id`, `user_id`, `filename`, `size`, `metadata`, `created_at`, `updated_at`) VALUES (61, 1, 61, 'application/wsdl+xml', 0, 'be35975c207d8a2b52fc550f6c30992c9ed65a819e7bff8cab2ba183a34d2f16', '1977-07-17 12:49:44', '2012-07-16 01:00:40');
INSERT INTO `media` (`id`, `media_type_id`, `user_id`, `filename`, `size`, `metadata`, `created_at`, `updated_at`) VALUES (62, 2, 62, 'text/calendar', 0, '02e5442d797749c1c9376433225d7c5ff4f2f67a37b6295c5d2192c2ab917367', '1999-04-23 17:16:16', '1972-02-26 06:52:32');
INSERT INTO `media` (`id`, `media_type_id`, `user_id`, `filename`, `size`, `metadata`, `created_at`, `updated_at`) VALUES (63, 3, 63, 'application/x-freearc', 58594, '8fb5bae051c58f68e46d3a5acfa13e632ce2ec1c8eec2a276cb29404f0ff18e3', '2003-01-05 04:57:31', '1981-08-19 12:23:44');
INSERT INTO `media` (`id`, `media_type_id`, `user_id`, `filename`, `size`, `metadata`, `created_at`, `updated_at`) VALUES (64, 4, 64, 'application/voicexml+xml', 6629094, '0317b429c32e509c4dd325f8f787cfbbdc9f5eb9fd64e8c507c5c463d9d6c8c0', '1999-02-27 04:27:08', '1999-09-21 09:58:45');
INSERT INTO `media` (`id`, `media_type_id`, `user_id`, `filename`, `size`, `metadata`, `created_at`, `updated_at`) VALUES (65, 5, 65, 'application/x-freearc', 0, 'd53b49482578c6cf80650c14113580a3640a14aad6b97723fed48e5df5fc6bbc', '1983-05-22 05:37:30', '2002-08-21 00:12:15');
INSERT INTO `media` (`id`, `media_type_id`, `user_id`, `filename`, `size`, `metadata`, `created_at`, `updated_at`) VALUES (66, 1, 66, 'application/pdf', 1, 'a426562e6993785bddc9e248309f11a433906b22c10491f73f8e562756c0e8c7', '2017-02-09 00:58:33', '1992-10-31 00:13:04');
INSERT INTO `media` (`id`, `media_type_id`, `user_id`, `filename`, `size`, `metadata`, `created_at`, `updated_at`) VALUES (67, 2, 67, 'model/x3d+xml', 19, 'db6f6e020cebd38a21d2756154ba95e27b010da6bc2d89689e4aac20ea9cebb3', '2013-11-15 17:36:03', '1990-05-05 22:14:53');
INSERT INTO `media` (`id`, `media_type_id`, `user_id`, `filename`, `size`, `metadata`, `created_at`, `updated_at`) VALUES (68, 3, 68, 'image/vnd.dxf', 968, 'be69eb35058f13780b627beece325c3504edc772632bf80452bb3c8c2cd8732e', '1985-11-19 21:07:24', '1999-08-22 14:36:56');
INSERT INTO `media` (`id`, `media_type_id`, `user_id`, `filename`, `size`, `metadata`, `created_at`, `updated_at`) VALUES (69, 4, 69, 'image/x-portable-pixmap', 394446, 'c296e2f6350426229bf2b56d1eab7eca7d7c75dffb1cc50d5f65beb96ef2ab68', '1993-02-05 03:24:32', '1991-02-23 04:03:19');
INSERT INTO `media` (`id`, `media_type_id`, `user_id`, `filename`, `size`, `metadata`, `created_at`, `updated_at`) VALUES (70, 5, 70, 'application/vnd.sun.xml.math', 54675213, '904bbc323b526f4506626621dbcca51212bc000879119f9cdce80abbabe0904a', '1988-12-28 13:49:14', '1983-02-01 01:06:28');
INSERT INTO `media` (`id`, `media_type_id`, `user_id`, `filename`, `size`, `metadata`, `created_at`, `updated_at`) VALUES (71, 1, 71, 'application/x-xfig', 352482637, '17ab4645371a0966cb590ca81c04e68faea731119bc02ba1bf4c1dc1cae7e793', '1986-03-10 06:19:26', '1980-02-10 16:15:57');
INSERT INTO `media` (`id`, `media_type_id`, `user_id`, `filename`, `size`, `metadata`, `created_at`, `updated_at`) VALUES (72, 2, 72, 'image/vnd.fst', 893701, 'b269d5e88046647f5e9e5441a2e517c4bdb4af6b9f6fe5e58d7299c5a0264eb3', '1971-05-22 09:41:23', '1990-08-06 03:28:04');
INSERT INTO `media` (`id`, `media_type_id`, `user_id`, `filename`, `size`, `metadata`, `created_at`, `updated_at`) VALUES (73, 3, 73, 'application/vnd.semd', 4480458, '689c29d23651291556610ffc379bee57326ea8ef5352777ddd0bdb9730411271', '1971-07-04 15:15:59', '2001-02-12 19:16:30');
INSERT INTO `media` (`id`, `media_type_id`, `user_id`, `filename`, `size`, `metadata`, `created_at`, `updated_at`) VALUES (74, 4, 74, 'model/x3d+vrml', 732, 'aeb2daed50e59ee0e67a9e67598f7a2eca112a126ec951f0821a0a6afe1f32fa', '2018-12-08 03:38:10', '1976-09-29 03:53:18');
INSERT INTO `media` (`id`, `media_type_id`, `user_id`, `filename`, `size`, `metadata`, `created_at`, `updated_at`) VALUES (75, 5, 75, 'application/vnd.vsf', 96, 'dee5b598b9b074789a16f888cd33936ff0f569bcd1bc6ded08e5f17be68ce987', '1999-09-07 13:56:19', '1992-09-14 07:36:24');
INSERT INTO `media` (`id`, `media_type_id`, `user_id`, `filename`, `size`, `metadata`, `created_at`, `updated_at`) VALUES (76, 1, 76, 'video/mpeg', 2717920, '391a4cb1adb516dc69110bf458d4041dfefba32ac2761089c4020b3c4b67ea40', '1999-07-15 05:59:26', '1978-10-04 10:19:03');
INSERT INTO `media` (`id`, `media_type_id`, `user_id`, `filename`, `size`, `metadata`, `created_at`, `updated_at`) VALUES (77, 2, 77, 'application/vnd.epson.esf', 766, 'd64b47f09a0412fe7ba631fe4b66482584b86f391c5894a96801082b6b812507', '1997-04-02 23:59:40', '1971-03-23 08:30:03');
INSERT INTO `media` (`id`, `media_type_id`, `user_id`, `filename`, `size`, `metadata`, `created_at`, `updated_at`) VALUES (78, 3, 78, 'application/vnd.sailingtracker.track', 73596, '4d7400a1b25ec9149b861eefe407e279384e916358f1fe1eff74727afa69d259', '1976-03-01 06:13:32', '1981-06-16 07:15:19');
INSERT INTO `media` (`id`, `media_type_id`, `user_id`, `filename`, `size`, `metadata`, `created_at`, `updated_at`) VALUES (79, 4, 79, 'video/x-matroska', 52954273, 'c06c71100afcc68837fa020b8ee7403506283f3bb694c37ed650dca3838ea993', '1985-01-06 06:08:05', '1981-06-27 20:05:48');
INSERT INTO `media` (`id`, `media_type_id`, `user_id`, `filename`, `size`, `metadata`, `created_at`, `updated_at`) VALUES (80, 5, 80, 'application/x-conference', 0, 'e10e0fddaa48d5fef13101abc7af267949b9e1d3d31f74da36451da3d384e96e', '1996-10-18 06:14:34', '1998-12-12 03:06:06');
INSERT INTO `media` (`id`, `media_type_id`, `user_id`, `filename`, `size`, `metadata`, `created_at`, `updated_at`) VALUES (81, 1, 81, 'application/x-silverlight-app', 5264, '610b245497b500322e6e7973559d73f45c507c2e56d64b2e1796d4ec94f962d9', '2011-04-09 18:43:27', '1972-04-26 12:01:48');
INSERT INTO `media` (`id`, `media_type_id`, `user_id`, `filename`, `size`, `metadata`, `created_at`, `updated_at`) VALUES (82, 2, 82, 'application/vnd.ms-artgalry', 66213, '357e4ee355771381e57c0f7d095670f22c88aa63c3f504b1e81f9717155aa50d', '1995-09-25 03:37:44', '1986-05-02 10:06:07');
INSERT INTO `media` (`id`, `media_type_id`, `user_id`, `filename`, `size`, `metadata`, `created_at`, `updated_at`) VALUES (83, 3, 83, 'application/vnd.fdsn.mseed', 442034, '9ec51eb340d6a749d1c7c53e2a0ab256594002c759d9eeaedb5eaa6b61fb968d', '1985-10-03 10:35:37', '1977-02-01 00:59:01');
INSERT INTO `media` (`id`, `media_type_id`, `user_id`, `filename`, `size`, `metadata`, `created_at`, `updated_at`) VALUES (84, 4, 84, 'application/vnd.oasis.opendocument.presentation-template', 939441, '2168f09240042e97712809862d4082f7238bc8621d1365a9e501e458f9734fe3', '2004-07-06 15:56:40', '2008-09-17 23:43:54');
INSERT INTO `media` (`id`, `media_type_id`, `user_id`, `filename`, `size`, `metadata`, `created_at`, `updated_at`) VALUES (85, 5, 85, 'image/x-portable-bitmap', 68763, 'b3b909ff06be509872a3c80562a4e3dd231d4e90ae052f24e29d6bbf9bcde44c', '1990-06-19 16:41:24', '2016-07-27 16:51:57');
INSERT INTO `media` (`id`, `media_type_id`, `user_id`, `filename`, `size`, `metadata`, `created_at`, `updated_at`) VALUES (86, 1, 86, 'text/x-vcard', 19968, 'fe0bb5d021f12bfd50ec65f02b45588d19ed6ead53f1e2b05463c72a27a6a226', '1976-10-03 07:44:55', '2004-03-10 12:22:40');
INSERT INTO `media` (`id`, `media_type_id`, `user_id`, `filename`, `size`, `metadata`, `created_at`, `updated_at`) VALUES (87, 2, 87, 'application/vnd.kde.kpresenter', 9546188, '491802b21a9d28a0d301a41364944f4a9f8423cc61653588f1b1999fda87ba0c', '2018-03-02 20:21:20', '1984-03-30 23:57:14');
INSERT INTO `media` (`id`, `media_type_id`, `user_id`, `filename`, `size`, `metadata`, `created_at`, `updated_at`) VALUES (88, 3, 88, 'application/vnd.oasis.opendocument.graphics', 227803626, '4d1af993120ca2f30e75d1c23564379ff6c1ee98911e6012c5cced7e9b842c73', '2008-03-18 13:21:11', '1996-10-18 11:21:49');
INSERT INTO `media` (`id`, `media_type_id`, `user_id`, `filename`, `size`, `metadata`, `created_at`, `updated_at`) VALUES (89, 4, 89, 'application/vnd.dece.unspecified', 0, 'bbafc0bd35f41c232ae8e2628fbc926f3c7d4bd8053c4e6ed2b883fa070bb0e1', '1994-05-21 00:50:34', '1980-01-28 19:49:34');
INSERT INTO `media` (`id`, `media_type_id`, `user_id`, `filename`, `size`, `metadata`, `created_at`, `updated_at`) VALUES (90, 5, 90, 'image/x-pcx', 190689, '2de4415d46b1c075a2eacae0bff6123ec4792c525c587b1d1d6d4f706ff66314', '1984-11-20 10:16:09', '2017-06-19 08:57:29');
INSERT INTO `media` (`id`, `media_type_id`, `user_id`, `filename`, `size`, `metadata`, `created_at`, `updated_at`) VALUES (91, 1, 91, 'text/x-java-source', 6566917, 'f9d74ca7256c5bc317c721d7006e4003d80ce3301a84ee6c7ee1f718f0f57d2d', '1975-12-22 11:20:13', '1993-12-28 16:19:35');
INSERT INTO `media` (`id`, `media_type_id`, `user_id`, `filename`, `size`, `metadata`, `created_at`, `updated_at`) VALUES (92, 2, 92, 'video/mj2', 689, 'cd94304aeeec2b5130ab833529e29b4a74ad2edc0cdc74d32133cfdc2d567825', '1980-01-15 08:20:41', '2008-09-09 06:31:58');
INSERT INTO `media` (`id`, `media_type_id`, `user_id`, `filename`, `size`, `metadata`, `created_at`, `updated_at`) VALUES (93, 3, 93, 'application/vnd.ms-project', 62071450, '19b936b00f71d7d593dadeff6233d77fa5281563cade1df246314c6da619ef4f', '1998-06-28 06:50:46', '1979-09-27 11:23:19');
INSERT INTO `media` (`id`, `media_type_id`, `user_id`, `filename`, `size`, `metadata`, `created_at`, `updated_at`) VALUES (94, 4, 94, 'application/vnd.wap.wmlc', 0, '516ae1e730bf71cf58ad073ebd9ef54f5e1fab55d4dddd90b25616bba1bcd14e', '1999-12-16 12:37:48', '1994-07-24 19:21:02');
INSERT INTO `media` (`id`, `media_type_id`, `user_id`, `filename`, `size`, `metadata`, `created_at`, `updated_at`) VALUES (95, 5, 95, 'image/x-freehand', 0, '64fa2bdc1022f16acb7755a018ff0663d443de2a132f61b028f1800f3e26e5c5', '1996-09-23 19:15:09', '1986-06-16 13:17:04');
INSERT INTO `media` (`id`, `media_type_id`, `user_id`, `filename`, `size`, `metadata`, `created_at`, `updated_at`) VALUES (96, 1, 96, 'audio/ogg', 482362121, 'bafb451c58a95c11218ca381e37a25aab8341faf72847b0f2cc62d805982325c', '1994-10-07 13:30:01', '1993-02-16 15:38:59');
INSERT INTO `media` (`id`, `media_type_id`, `user_id`, `filename`, `size`, `metadata`, `created_at`, `updated_at`) VALUES (97, 2, 97, 'application/vnd.dolby.mlp', 2577425, '7d2ae3e4a81a5c7e51c94b0291ca2f004bddc6443ffcf338b8601f02695717c8', '2006-02-04 21:22:58', '1996-03-02 07:56:03');
INSERT INTO `media` (`id`, `media_type_id`, `user_id`, `filename`, `size`, `metadata`, `created_at`, `updated_at`) VALUES (98, 3, 98, 'application/vnd.sun.xml.impress.template', 103, 'b01f5d07b82fef2b34cf38acb9be668e18e867b2004f9af85a8323971a110623', '1984-01-29 00:24:01', '1988-05-08 15:52:46');
INSERT INTO `media` (`id`, `media_type_id`, `user_id`, `filename`, `size`, `metadata`, `created_at`, `updated_at`) VALUES (99, 4, 99, 'video/mj2', 1056481, '3bcf3d8ef04199d6e841659f61f37b91643a1ea36a01f56c952af6ca7a69a226', '1981-06-22 12:55:47', '2014-10-22 14:05:54');
INSERT INTO `media` (`id`, `media_type_id`, `user_id`, `filename`, `size`, `metadata`, `created_at`, `updated_at`) VALUES (100, 5, 100, 'application/vnd.pvi.ptid1', 591473899, 'be91277c35033bf8710fe5e215f494156eb26272fda00d201bd00405df44b994', '1972-06-28 16:39:36', '2010-06-27 12:33:38');
INSERT INTO `media` (`id`, `media_type_id`, `user_id`, `filename`, `size`, `metadata`, `created_at`, `updated_at`) VALUES (101, 1, 1, 'audio/xm', 64599, '1c6eb563675f0a52b0d4f50b63f25cd684ddbd12cdf2b74c7311add8e1286f06', '2002-10-09 23:22:56', '1986-02-19 23:02:40');
INSERT INTO `media` (`id`, `media_type_id`, `user_id`, `filename`, `size`, `metadata`, `created_at`, `updated_at`) VALUES (102, 2, 2, 'image/x-pcx', 5151, '838857da6a29d86836ee85529867e178404e22248ffbe96b24eed1c42561d563', '2017-08-09 14:53:38', '1977-02-06 18:54:53');
INSERT INTO `media` (`id`, `media_type_id`, `user_id`, `filename`, `size`, `metadata`, `created_at`, `updated_at`) VALUES (103, 3, 3, 'application/vnd.oasis.opendocument.presentation-template', 718, '5e134d9c7a0aa91b5686786a3fde1bac04c77148074dfd280058ab6810533937', '1980-04-07 23:43:59', '1975-07-29 22:58:36');
INSERT INTO `media` (`id`, `media_type_id`, `user_id`, `filename`, `size`, `metadata`, `created_at`, `updated_at`) VALUES (104, 4, 4, 'application/vnd.ms-xpsdocument', 91, '13bf39f2a0112d90986be8e2115e3ff627443d9be2bcbee3611595eadff6b8b0', '2003-10-15 10:54:39', '1996-01-10 07:10:40');
INSERT INTO `media` (`id`, `media_type_id`, `user_id`, `filename`, `size`, `metadata`, `created_at`, `updated_at`) VALUES (105, 5, 5, 'image/vnd.dvb.subtitle', 6, '6bbc61f6ee121f5d99800662d2ec68358587fd8412bad7d9fdd38660971d6ce1', '1999-06-13 06:10:21', '2018-11-25 07:51:53');
INSERT INTO `media` (`id`, `media_type_id`, `user_id`, `filename`, `size`, `metadata`, `created_at`, `updated_at`) VALUES (106, 1, 6, 'audio/webm', 33551206, 'f067a6783bea7adb58139b7910d82f4e21ed01b68e0a331d676d3188cf7bc6ca', '2014-05-10 20:53:23', '2002-10-28 15:58:42');
INSERT INTO `media` (`id`, `media_type_id`, `user_id`, `filename`, `size`, `metadata`, `created_at`, `updated_at`) VALUES (107, 2, 7, 'video/mpeg', 219189, '28d9f39d1c259ef34ab06865555295a48baeec7f80f2a07270885724245faebe', '1973-11-22 10:11:39', '1976-04-11 06:04:09');
INSERT INTO `media` (`id`, `media_type_id`, `user_id`, `filename`, `size`, `metadata`, `created_at`, `updated_at`) VALUES (108, 3, 8, 'application/vnd.epson.esf', 99, 'cc95b89ebb08966af56337d4ef463e4b28b455d1f4277a5bd5ef80607390837d', '1977-04-12 10:59:07', '1995-06-13 19:23:40');
INSERT INTO `media` (`id`, `media_type_id`, `user_id`, `filename`, `size`, `metadata`, `created_at`, `updated_at`) VALUES (109, 4, 9, 'application/vnd.ms-powerpoint.presentation.macroenabled.12', 12826, 'a52356971ef8904555263d05ac03b1b470c0d63da070ba18c7f55b04ea997f1b', '2011-04-30 19:08:51', '1988-01-04 15:35:42');
INSERT INTO `media` (`id`, `media_type_id`, `user_id`, `filename`, `size`, `metadata`, `created_at`, `updated_at`) VALUES (110, 5, 10, 'application/vnd.ms-excel.sheet.binary.macroenabled.12', 692, '054ee78286850237dba62bc96251bbb6f2b750ff7c178faecc79b4977f6293ec', '2006-12-17 17:52:49', '1984-09-13 21:36:23');
INSERT INTO `media` (`id`, `media_type_id`, `user_id`, `filename`, `size`, `metadata`, `created_at`, `updated_at`) VALUES (111, 1, 11, 'text/vnd.fmi.flexstor', 2, '94094d9d0c1deaa8e28de7550ea13406d213d477bf65843527a83991e9cb2909', '1983-04-01 01:13:52', '2002-04-25 02:40:08');
INSERT INTO `media` (`id`, `media_type_id`, `user_id`, `filename`, `size`, `metadata`, `created_at`, `updated_at`) VALUES (112, 2, 12, 'application/x-wais-source', 901, 'e284ffcf877d80bbe188dc210c96373ac3e3eb2597c39d11c806f4d132fdbbfe', '1991-06-26 07:09:58', '1992-01-02 12:38:11');
INSERT INTO `media` (`id`, `media_type_id`, `user_id`, `filename`, `size`, `metadata`, `created_at`, `updated_at`) VALUES (113, 3, 13, 'text/vnd.fmi.flexstor', 340844, 'd964443b1c362c15529d2e8177aebc595ce285680474215d7ee91791a3d4a77c', '2009-06-22 13:27:47', '1999-11-16 17:48:08');
INSERT INTO `media` (`id`, `media_type_id`, `user_id`, `filename`, `size`, `metadata`, `created_at`, `updated_at`) VALUES (114, 4, 14, 'application/epub+zip', 453959, '0853dd77816258b055e387cea7ca64adfe398f4561d7810ef4a5eb834ec48b51', '2012-01-05 17:07:07', '2019-04-05 19:02:30');
INSERT INTO `media` (`id`, `media_type_id`, `user_id`, `filename`, `size`, `metadata`, `created_at`, `updated_at`) VALUES (115, 5, 15, 'model/x3d+binary', 0, '0bd6fa3c6fbf99b47e18fec8c57297c479a9fa5cf765ad6cef3a30be032aa56f', '1992-03-01 18:25:36', '2010-08-26 13:39:54');
INSERT INTO `media` (`id`, `media_type_id`, `user_id`, `filename`, `size`, `metadata`, `created_at`, `updated_at`) VALUES (116, 1, 16, 'image/vnd.fujixerox.edmics-mmr', 9, 'e97e26606233011ea02d5d6a16053d18496b1ff187d0b702d8969b13bc5c8a9a', '2002-06-08 07:03:04', '2003-05-28 09:25:55');
INSERT INTO `media` (`id`, `media_type_id`, `user_id`, `filename`, `size`, `metadata`, `created_at`, `updated_at`) VALUES (117, 2, 17, 'application/vnd.simtech-mindmapper', 131874731, '5a039257ea182d8c1f6308d2241a834e28682b1c972286ae9471b1f99f64e806', '2002-09-25 21:28:05', '1998-08-14 17:07:54');
INSERT INTO `media` (`id`, `media_type_id`, `user_id`, `filename`, `size`, `metadata`, `created_at`, `updated_at`) VALUES (118, 3, 18, 'image/vnd.dxf', 5460, '5bd7d0accb1bdfa1aba6c05db6db4ce2ae0806657ecb0af360d2138605b483fd', '1992-01-28 19:42:32', '1983-05-21 00:10:14');
INSERT INTO `media` (`id`, `media_type_id`, `user_id`, `filename`, `size`, `metadata`, `created_at`, `updated_at`) VALUES (119, 4, 19, 'application/vnd.tao.intent-module-archive', 655, 'f8dc7d90bab69ac97890fb396824dde28f0b38dac4e147f8b6fe4f1954cf7313', '1982-02-03 22:01:23', '1981-09-22 23:53:26');
INSERT INTO `media` (`id`, `media_type_id`, `user_id`, `filename`, `size`, `metadata`, `created_at`, `updated_at`) VALUES (120, 5, 20, 'application/vnd.oasis.opendocument.image-template', 16, 'aada96a61a872442a3e12823d8c0b93277aba413d6b3e223765457e09501ab6d', '1989-06-11 14:17:02', '1975-02-13 23:17:46');
INSERT INTO `media` (`id`, `media_type_id`, `user_id`, `filename`, `size`, `metadata`, `created_at`, `updated_at`) VALUES (121, 1, 21, 'image/x-cmx', 69598111, 'fbe4e377e83f8a718dd257718161d8e271b352dbf92f8973447f1458a06937bd', '1989-03-31 14:45:08', '1998-07-20 16:09:14');
INSERT INTO `media` (`id`, `media_type_id`, `user_id`, `filename`, `size`, `metadata`, `created_at`, `updated_at`) VALUES (122, 2, 22, 'application/vnd.lotus-organizer', 96120, 'cdc60e1a3fda746fbe50d943d7c715f084c6954c83ced4e7ac3d127b05ecc1f3', '1995-10-17 19:23:09', '1998-04-25 23:15:19');
INSERT INTO `media` (`id`, `media_type_id`, `user_id`, `filename`, `size`, `metadata`, `created_at`, `updated_at`) VALUES (123, 3, 23, 'application/x-shar', 23, '1a34d8bbf8a762ab06928596cf0602c36916e6222cbd7ece6c5759100135d23e', '1990-09-11 01:51:34', '2003-10-05 18:51:36');
INSERT INTO `media` (`id`, `media_type_id`, `user_id`, `filename`, `size`, `metadata`, `created_at`, `updated_at`) VALUES (124, 4, 24, 'application/vnd.oasis.opendocument.formula-template', 8, '46d6a47dc40884fc4f1e4e1910c614b63e7edc067d55afb22a33d33bb721f7f5', '1985-01-26 20:41:05', '1976-04-11 04:45:19');
INSERT INTO `media` (`id`, `media_type_id`, `user_id`, `filename`, `size`, `metadata`, `created_at`, `updated_at`) VALUES (125, 5, 25, 'text/uri-list', 76959, '3962683bc3a2ce3be12f08c2ced43c09242e6292c1f24e50c033b69834b071e2', '2003-12-01 13:50:05', '1999-05-23 13:59:57');
INSERT INTO `media` (`id`, `media_type_id`, `user_id`, `filename`, `size`, `metadata`, `created_at`, `updated_at`) VALUES (126, 1, 26, 'application/vnd.kinar', 5859948, 'c2fe0c769f282fa77b57e16e79ce498310dd7b4e478453c3bf697ab9b44cb1ce', '2000-09-30 05:25:08', '2009-02-24 09:40:20');
INSERT INTO `media` (`id`, `media_type_id`, `user_id`, `filename`, `size`, `metadata`, `created_at`, `updated_at`) VALUES (127, 2, 27, 'application/widget', 0, '486e99093945d739b93c95174737c2123df9b70780e8f9ac07bd74e46486dd0c', '2004-12-26 09:19:28', '2014-08-11 07:47:34');
INSERT INTO `media` (`id`, `media_type_id`, `user_id`, `filename`, `size`, `metadata`, `created_at`, `updated_at`) VALUES (128, 3, 28, 'application/x-gtar', 40959540, '42ed1aac90409c070746d57fb932b2550ae872041747c0b14a3d7604c08f6739', '2018-02-19 14:05:58', '2017-03-18 17:59:19');
INSERT INTO `media` (`id`, `media_type_id`, `user_id`, `filename`, `size`, `metadata`, `created_at`, `updated_at`) VALUES (129, 4, 29, 'application/vnd.epson.quickanime', 0, 'a0a81d61812e89ffe66102e4f009d7731ef73f9b865a3ad166bcdb8398b1b593', '1994-03-12 09:51:01', '1987-12-31 16:07:06');
INSERT INTO `media` (`id`, `media_type_id`, `user_id`, `filename`, `size`, `metadata`, `created_at`, `updated_at`) VALUES (130, 5, 30, 'video/3gpp2', 22148, 'bdf61356ac384278dbb7190c47710977d58ff6733fbd7c00b6684956f10c11a3', '1970-10-10 21:31:02', '1994-03-22 09:04:34');
INSERT INTO `media` (`id`, `media_type_id`, `user_id`, `filename`, `size`, `metadata`, `created_at`, `updated_at`) VALUES (131, 1, 31, 'application/vnd.ms-artgalry', 47433, '0ea6ac496dc59165d1268201e9c5eeeff8189a075a4496e1b629928dc814f6bb', '2008-01-18 15:37:04', '1981-05-07 07:47:45');
INSERT INTO `media` (`id`, `media_type_id`, `user_id`, `filename`, `size`, `metadata`, `created_at`, `updated_at`) VALUES (132, 2, 32, 'image/g3fax', 0, '19113eac2144157e0718fd15b837859404d1b1284d45d96e64a0dd577eee5dc8', '1978-07-26 07:06:58', '1998-05-05 22:11:34');
INSERT INTO `media` (`id`, `media_type_id`, `user_id`, `filename`, `size`, `metadata`, `created_at`, `updated_at`) VALUES (133, 3, 33, 'application/vnd.kde.kformula', 9, '8d804eddf673e2a4563b13698d567947a992ff1e485161fd83a71494420ca5b9', '1979-08-10 13:41:20', '1995-06-27 10:56:59');
INSERT INTO `media` (`id`, `media_type_id`, `user_id`, `filename`, `size`, `metadata`, `created_at`, `updated_at`) VALUES (134, 4, 34, 'application/vnd.kde.kontour', 888911719, '5f8f575f46ad8f06e43fd734b527577b29f8674dd7ab7e7b90a1272a59aef7e6', '1977-10-02 09:56:41', '2018-07-10 06:52:17');
INSERT INTO `media` (`id`, `media_type_id`, `user_id`, `filename`, `size`, `metadata`, `created_at`, `updated_at`) VALUES (135, 5, 35, 'application/x-java-jnlp-file', 737, '3e773addf24c3c39fde2dd836f1dba295125cc04bb822242e9db9327a0e4c9e1', '1999-08-19 20:05:08', '1983-12-02 14:12:50');
INSERT INTO `media` (`id`, `media_type_id`, `user_id`, `filename`, `size`, `metadata`, `created_at`, `updated_at`) VALUES (136, 1, 36, 'application/widget', 65115, '900d8de21f9982b315cacd3cf3d9fb59ba511908f9c73d0a2565dde23353d4ea', '1972-08-16 02:58:18', '1971-11-12 04:21:37');
INSERT INTO `media` (`id`, `media_type_id`, `user_id`, `filename`, `size`, `metadata`, `created_at`, `updated_at`) VALUES (137, 2, 37, 'application/epub+zip', 7362924, 'aac2e8ade7545f1d05cfc2ec85736add0c76e1270d38c4ed1a1349b08f4adf3f', '1983-07-23 20:55:36', '1970-06-02 14:17:26');
INSERT INTO `media` (`id`, `media_type_id`, `user_id`, `filename`, `size`, `metadata`, `created_at`, `updated_at`) VALUES (138, 3, 38, 'application/vnd.oasis.opendocument.text', 6908, '835d1bd975ccaaa8e0f1815c3f8a2bb5fa2cead1769a26b43c272f79bbf8651d', '1972-05-23 05:18:07', '1975-05-13 19:33:47');
INSERT INTO `media` (`id`, `media_type_id`, `user_id`, `filename`, `size`, `metadata`, `created_at`, `updated_at`) VALUES (139, 4, 39, 'application/vnd.dvb.service', 93003806, 'b06176c0b39199e0464aa2488b97cda379b3f7fd9f2e34d283946f23d07361cd', '1993-05-18 00:21:18', '2013-09-07 18:19:09');
INSERT INTO `media` (`id`, `media_type_id`, `user_id`, `filename`, `size`, `metadata`, `created_at`, `updated_at`) VALUES (140, 5, 40, 'application/vnd.vcx', 5, '646bb610802f502b2c70caa20b0824a32cbc2ff52d3e1813ffc26d89a2e0d84f', '2003-02-10 09:38:58', '2018-12-01 11:18:37');
INSERT INTO `media` (`id`, `media_type_id`, `user_id`, `filename`, `size`, `metadata`, `created_at`, `updated_at`) VALUES (141, 1, 41, 'image/x-pict', 5, 'd1dc11f1b4945bff6992ab26a4a5463c4ef7f32ff6d75726d0376fe5f0d0e536', '2002-01-28 16:49:31', '2002-08-11 17:15:38');
INSERT INTO `media` (`id`, `media_type_id`, `user_id`, `filename`, `size`, `metadata`, `created_at`, `updated_at`) VALUES (142, 2, 42, 'application/vnd.epson.salt', 8244216, 'a457137a9e2b5784cb727571d93e711f6724b86cacefdea47ce563bbe241bca5', '1998-11-16 11:25:33', '1990-05-12 19:31:46');
INSERT INTO `media` (`id`, `media_type_id`, `user_id`, `filename`, `size`, `metadata`, `created_at`, `updated_at`) VALUES (143, 3, 43, 'application/vnd.umajin', 75710186, '9d907bdb03351b25cbd9df40a718d1c06c31fa54babc366efa244f5293e658a6', '1995-04-03 15:53:49', '1991-10-06 22:17:11');
INSERT INTO `media` (`id`, `media_type_id`, `user_id`, `filename`, `size`, `metadata`, `created_at`, `updated_at`) VALUES (144, 4, 44, 'application/vnd.sun.xml.math', 6, '406c4bf913be980eb9445ccb8a927b3b1be3173b1c838a72824882c681ce5aad', '1974-01-30 07:40:48', '1998-05-09 07:59:04');
INSERT INTO `media` (`id`, `media_type_id`, `user_id`, `filename`, `size`, `metadata`, `created_at`, `updated_at`) VALUES (145, 5, 45, 'application/java-archive', 831, '09751528354de65a5ae8043275c1aaa8155d7f863f56202e8cab0c4845ec8edf', '2001-06-04 08:00:01', '1988-06-07 05:10:08');
INSERT INTO `media` (`id`, `media_type_id`, `user_id`, `filename`, `size`, `metadata`, `created_at`, `updated_at`) VALUES (146, 1, 46, 'application/x-sh', 738, '04c286d62d2653850c477f19e3dcd6f14cd2164d28fa1ff34c93b649f6b0f49d', '1972-12-24 16:09:06', '1991-07-05 06:37:13');
INSERT INTO `media` (`id`, `media_type_id`, `user_id`, `filename`, `size`, `metadata`, `created_at`, `updated_at`) VALUES (147, 2, 47, 'application/x-tex-tfm', 681, '46a99125561ce30008cf059561e68271aef3a75f889cf1dc27cde00f13751848', '2007-08-23 12:34:03', '1986-01-02 11:07:17');
INSERT INTO `media` (`id`, `media_type_id`, `user_id`, `filename`, `size`, `metadata`, `created_at`, `updated_at`) VALUES (148, 3, 48, 'application/vnd.shana.informed.formdata', 25873541, '684360ee28235ed6fd4a500f862aee344aff3f66e015faa3710a4750ef053309', '1978-02-26 01:32:03', '1986-02-26 19:53:32');
INSERT INTO `media` (`id`, `media_type_id`, `user_id`, `filename`, `size`, `metadata`, `created_at`, `updated_at`) VALUES (149, 4, 49, 'application/x-debian-package', 0, '0d0a5a58186eeb4ee518e3b80105d4a23d008816ab1e949dc2b37fd9c3270b0e', '1997-08-29 11:51:20', '2004-12-25 15:04:28');
INSERT INTO `media` (`id`, `media_type_id`, `user_id`, `filename`, `size`, `metadata`, `created_at`, `updated_at`) VALUES (150, 5, 50, 'application/vnd.oasis.opendocument.database', 68130, '2eb0bbb84fe54297e42cd23bd382b9758792b684af5ac65b42e66ccbaec170a0', '2010-03-26 19:57:34', '1971-02-03 09:02:17');
INSERT INTO `media` (`id`, `media_type_id`, `user_id`, `filename`, `size`, `metadata`, `created_at`, `updated_at`) VALUES (151, 1, 51, 'text/vnd.sun.j2me.app-descriptor', 594934, 'ba38b6cf4b5ab6dca0c83c438c3d93f6278146fa85a345a54186308b406e45ba', '1991-12-17 19:43:42', '2004-08-29 11:44:08');
INSERT INTO `media` (`id`, `media_type_id`, `user_id`, `filename`, `size`, `metadata`, `created_at`, `updated_at`) VALUES (152, 2, 52, 'application/vnd.hydrostatix.sof-data', 0, '0409531bf4e837fa61842e5e8dfcfb473f4a457d34a60b633aaac2dc9bf488ab', '1996-04-14 10:10:32', '1974-05-24 13:46:09');
INSERT INTO `media` (`id`, `media_type_id`, `user_id`, `filename`, `size`, `metadata`, `created_at`, `updated_at`) VALUES (153, 3, 53, 'text/csv', 68223, '236b14c3bfcd3ce7a5416ba754a97c8877d281f37b3011b51de52cb5bcbc6352', '2019-05-31 09:37:13', '2018-07-15 13:59:45');
INSERT INTO `media` (`id`, `media_type_id`, `user_id`, `filename`, `size`, `metadata`, `created_at`, `updated_at`) VALUES (154, 4, 54, 'image/vnd.fujixerox.edmics-mmr', 0, '5875f7cbbac6fd7a6178ae0e976266e6443f530f011a29fcb6e8befa5a6cebd4', '1993-07-26 15:19:43', '1983-04-20 05:10:47');
INSERT INTO `media` (`id`, `media_type_id`, `user_id`, `filename`, `size`, `metadata`, `created_at`, `updated_at`) VALUES (155, 5, 55, 'audio/mp4', 0, 'c83fb2b6282e68c890c85c72800f08546c27c4b74211d60c11a4d56c992c3509', '1986-03-06 22:30:57', '1987-01-06 17:18:06');
INSERT INTO `media` (`id`, `media_type_id`, `user_id`, `filename`, `size`, `metadata`, `created_at`, `updated_at`) VALUES (156, 1, 56, 'application/x-silverlight-app', 916826931, 'ab5008d5013c562f50bb903b984c34958e1ce82c12bca2e771886035b099fba6', '1998-02-18 16:36:52', '1992-09-14 16:37:31');
INSERT INTO `media` (`id`, `media_type_id`, `user_id`, `filename`, `size`, `metadata`, `created_at`, `updated_at`) VALUES (157, 2, 57, 'application/xenc+xml', 8, 'f073ae3655c0f367ef09f4c308bfd6a4100d9fd759c9f5cfefd2fc9586417a2a', '2013-09-09 05:33:08', '1978-10-14 06:04:23');
INSERT INTO `media` (`id`, `media_type_id`, `user_id`, `filename`, `size`, `metadata`, `created_at`, `updated_at`) VALUES (158, 3, 58, 'application/xcap-diff+xml', 22897664, '9423ad620fda2350de41f4d0b97a8bcb6fb7d23176b15a7b326c8fa42066be3a', '2011-03-27 08:29:07', '1987-08-22 17:21:32');
INSERT INTO `media` (`id`, `media_type_id`, `user_id`, `filename`, `size`, `metadata`, `created_at`, `updated_at`) VALUES (159, 4, 59, 'text/calendar', 1, 'fbb107e37e544bfc469369ee07710b5913e629b9309af2529ad28f9ee342db6e', '1981-10-16 21:36:50', '1971-07-01 14:17:10');
INSERT INTO `media` (`id`, `media_type_id`, `user_id`, `filename`, `size`, `metadata`, `created_at`, `updated_at`) VALUES (160, 5, 60, 'video/vnd.dece.video', 710372, 'dd4027b34191f7a4640d7b7100a502f23c0a00abe09da66c5b5210bb55779f99', '1995-02-12 14:09:25', '1989-10-09 11:43:43');
INSERT INTO `media` (`id`, `media_type_id`, `user_id`, `filename`, `size`, `metadata`, `created_at`, `updated_at`) VALUES (161, 1, 61, 'application/x-stuffit', 95402472, '5721e05afa8769325101fe98797458f902557a82372dce04e4088bb4d6665f66', '2011-10-07 15:11:35', '1983-12-02 14:19:50');
INSERT INTO `media` (`id`, `media_type_id`, `user_id`, `filename`, `size`, `metadata`, `created_at`, `updated_at`) VALUES (162, 2, 62, 'application/x-ms-application', 0, '431bd8ed7a21d2c8ad3c8eb640a38fe01ad4ca6f31ba460afb1428de8ebad086', '2007-10-15 19:54:46', '1982-09-27 00:14:48');
INSERT INTO `media` (`id`, `media_type_id`, `user_id`, `filename`, `size`, `metadata`, `created_at`, `updated_at`) VALUES (163, 3, 63, 'application/vnd.dece.ttml+xml', 0, 'b82a8aa92bf961cc4b6607156432a346b7054bad8600104e00925525ff0e7b55', '2000-02-19 13:13:57', '2019-04-30 19:44:29');
INSERT INTO `media` (`id`, `media_type_id`, `user_id`, `filename`, `size`, `metadata`, `created_at`, `updated_at`) VALUES (164, 4, 64, 'model/vnd.collada+xml', 0, '3e4994130b63b724f3e0c5cd190df0ba1d84a46c6890d8418282f6cd7f559320', '2015-04-22 02:48:56', '1975-11-16 21:38:57');
INSERT INTO `media` (`id`, `media_type_id`, `user_id`, `filename`, `size`, `metadata`, `created_at`, `updated_at`) VALUES (165, 5, 65, 'text/x-java-source', 95, '9c4144ac0b97cf84867bff0ea40bb54b2be0bd2b54873781921ad617db802906', '2007-03-12 09:07:59', '1980-11-08 12:12:42');
INSERT INTO `media` (`id`, `media_type_id`, `user_id`, `filename`, `size`, `metadata`, `created_at`, `updated_at`) VALUES (166, 1, 66, 'application/x-silverlight-app', 3525, '14eb6d227773512f8a490b04607ed925dbcc26d210a935cb6847d7f9cec0e821', '1994-02-14 19:02:09', '1985-04-03 17:57:21');
INSERT INTO `media` (`id`, `media_type_id`, `user_id`, `filename`, `size`, `metadata`, `created_at`, `updated_at`) VALUES (167, 2, 67, 'application/x-mie', 857, '3379c783d298ca34b511410f9ff37b13b11ede57489c2cfb38eb5919630eb657', '1999-01-04 15:32:54', '2003-12-18 00:35:31');
INSERT INTO `media` (`id`, `media_type_id`, `user_id`, `filename`, `size`, `metadata`, `created_at`, `updated_at`) VALUES (168, 3, 68, 'application/vnd.kde.kivio', 80, 'ace71ff1acc369bba1603e3c97e5f687379110c67706da7f7b86bead7c3a8063', '2007-01-31 03:44:13', '1978-02-08 12:09:36');
INSERT INTO `media` (`id`, `media_type_id`, `user_id`, `filename`, `size`, `metadata`, `created_at`, `updated_at`) VALUES (169, 4, 69, 'application/vnd.llamagraphics.life-balance.exchange+xml', 0, '64da4653a245cd5958527a3b88abb051516922ff8aa1c82c4722e0cf3a37ead3', '2017-07-01 18:36:05', '2015-01-09 08:26:03');
INSERT INTO `media` (`id`, `media_type_id`, `user_id`, `filename`, `size`, `metadata`, `created_at`, `updated_at`) VALUES (170, 5, 70, 'application/vnd.ms-htmlhelp', 54837, '9782802bcc391389a3414e7de3d78a85a31c7591fd5a617890cd58bb087dc74c', '1991-08-29 06:47:00', '2010-10-13 15:53:57');
INSERT INTO `media` (`id`, `media_type_id`, `user_id`, `filename`, `size`, `metadata`, `created_at`, `updated_at`) VALUES (171, 1, 71, 'application/vnd.recordare.musicxml', 73, '8eccfabec9b06aa71d1d401ffca94165fb5fa0b8a038eb7cba5c5411d8de1f48', '2019-06-15 07:44:40', '1991-10-19 18:19:08');
INSERT INTO `media` (`id`, `media_type_id`, `user_id`, `filename`, `size`, `metadata`, `created_at`, `updated_at`) VALUES (172, 2, 72, 'message/rfc822', 552960, '50e985b7c5741676886a365a4d870b5f5d400bcb1230f3a1d435c87c28818d88', '2000-06-01 07:53:42', '1986-01-09 23:43:55');
INSERT INTO `media` (`id`, `media_type_id`, `user_id`, `filename`, `size`, `metadata`, `created_at`, `updated_at`) VALUES (173, 3, 73, 'application/vnd.ms-cab-compressed', 0, 'f150c0b9aa7e8b9b258026b3418bfa7dcb7b3de68cd1bd739d1ff1ac2b3b9fee', '2003-11-10 20:45:14', '2002-05-03 18:08:47');
INSERT INTO `media` (`id`, `media_type_id`, `user_id`, `filename`, `size`, `metadata`, `created_at`, `updated_at`) VALUES (174, 4, 74, 'text/x-fortran', 385, 'f9f5a6e4533c96e7df41642d33a93cd2b6d7f44a33fd896cccb6db7cd17f2e40', '1991-04-17 07:36:49', '2018-11-04 04:03:19');
INSERT INTO `media` (`id`, `media_type_id`, `user_id`, `filename`, `size`, `metadata`, `created_at`, `updated_at`) VALUES (175, 5, 75, 'text/vnd.curl', 7456891, 'e756463847bacefb92d78a0823ef963996945bd0b7e273ffda7df97b00618d68', '1974-08-10 13:15:08', '2001-08-16 21:39:04');
INSERT INTO `media` (`id`, `media_type_id`, `user_id`, `filename`, `size`, `metadata`, `created_at`, `updated_at`) VALUES (176, 1, 76, 'application/x-tex-tfm', 8335530, 'c8a0eec357a765208ad36f0aa78a8e40acf31637f3dd9b1291fa18e31f390332', '1998-02-25 08:04:26', '1979-04-28 01:42:42');
INSERT INTO `media` (`id`, `media_type_id`, `user_id`, `filename`, `size`, `metadata`, `created_at`, `updated_at`) VALUES (177, 2, 77, 'application/ogg', 7329, 'abdfd19b3261c77abf9dfcb1197e8cf74082a825050debdd4e5af432f89dde54', '1973-03-29 10:52:06', '2012-01-18 12:01:58');
INSERT INTO `media` (`id`, `media_type_id`, `user_id`, `filename`, `size`, `metadata`, `created_at`, `updated_at`) VALUES (178, 3, 78, 'image/vnd.fujixerox.edmics-rlc', 2913664, '6125516011f167b96fe08b2658477a7ac5305332593ee400dd1331670aa7fea8', '1999-02-10 20:41:39', '2006-01-14 06:11:41');
INSERT INTO `media` (`id`, `media_type_id`, `user_id`, `filename`, `size`, `metadata`, `created_at`, `updated_at`) VALUES (179, 4, 79, 'application/vnd.ms-artgalry', 356777051, 'f1ba684603b8be88fe55ad0375bc19600b1938628d2985ca744e5a1af23811d8', '2008-02-17 22:12:09', '2009-11-23 03:52:57');
INSERT INTO `media` (`id`, `media_type_id`, `user_id`, `filename`, `size`, `metadata`, `created_at`, `updated_at`) VALUES (180, 5, 80, 'application/reginfo+xml', 7856822, 'e2bce99f5171206662da339a4ddb259b65edfbd1076bfc397417badbbd13f526', '1983-08-06 22:50:46', '1973-11-16 18:31:44');
INSERT INTO `media` (`id`, `media_type_id`, `user_id`, `filename`, `size`, `metadata`, `created_at`, `updated_at`) VALUES (181, 1, 81, 'application/vnd.quark.quarkxpress', 5285, 'c3e757e17ef7eeffea77fb9cb94f4840126b460324d23f4298ef3e20ce46df5b', '2012-04-22 12:59:54', '1984-04-07 00:55:32');
INSERT INTO `media` (`id`, `media_type_id`, `user_id`, `filename`, `size`, `metadata`, `created_at`, `updated_at`) VALUES (182, 2, 82, 'audio/mp4', 81593, 'dd87aad2e4e02209f767fb26a368e80bb11c87eaa4c389f5d8c1562658be5cc6', '1978-05-21 14:17:42', '1982-06-11 15:22:42');
INSERT INTO `media` (`id`, `media_type_id`, `user_id`, `filename`, `size`, `metadata`, `created_at`, `updated_at`) VALUES (183, 3, 83, 'application/vnd.sun.xml.impress.template', 35, '5d3c2a544d87651604a115e2ef4c98f8344e471354e8bc54df4942ace12c264a', '2013-12-13 19:04:15', '1975-01-28 08:56:28');
INSERT INTO `media` (`id`, `media_type_id`, `user_id`, `filename`, `size`, `metadata`, `created_at`, `updated_at`) VALUES (184, 4, 84, 'application/vnd.kde.kformula', 111, 'cdf0ec7c9e6ce6562f491777362afdfef2d3c8e47b66710c1373374628c9b127', '1979-05-03 09:46:38', '2014-04-27 08:22:54');
INSERT INTO `media` (`id`, `media_type_id`, `user_id`, `filename`, `size`, `metadata`, `created_at`, `updated_at`) VALUES (185, 5, 85, 'application/vnd.tao.intent-module-archive', 700801, '1ed17ef42bb55385ba14950306c6bfd3d08c064c848fd30a1cb02faeb79f2e81', '1987-05-28 06:07:02', '1985-11-22 10:14:29');
INSERT INTO `media` (`id`, `media_type_id`, `user_id`, `filename`, `size`, `metadata`, `created_at`, `updated_at`) VALUES (186, 1, 86, 'text/x-pascal', 1487028, '8efac5a9c797fd6673b86e6feafe718d1dc483ad4ef93f8292261f6976c166f6', '1996-03-28 09:15:34', '1983-09-12 02:28:21');
INSERT INTO `media` (`id`, `media_type_id`, `user_id`, `filename`, `size`, `metadata`, `created_at`, `updated_at`) VALUES (187, 2, 87, 'application/x-xpinstall', 8230557, '358816c6a9056760db84124fc937f6f90d283541830b52e5be9358afaa9c8e72', '1989-03-08 03:46:36', '2012-07-15 17:59:51');
INSERT INTO `media` (`id`, `media_type_id`, `user_id`, `filename`, `size`, `metadata`, `created_at`, `updated_at`) VALUES (188, 3, 88, 'application/vnd.fdsn.seed', 32, 'bb03902eb13eb269b39bf9acb2fbbfc240f8e6ef38856bcb0eb7de361065e956', '1975-01-03 05:39:16', '2018-03-20 06:34:59');
INSERT INTO `media` (`id`, `media_type_id`, `user_id`, `filename`, `size`, `metadata`, `created_at`, `updated_at`) VALUES (189, 4, 89, 'application/vnd.fluxtime.clip', 84130576, '93579fae6f82a680aff37a7a6d11ab611162e520c18116b5b518fe5dff5a1b20', '1999-07-09 11:35:52', '1975-09-09 23:30:27');
INSERT INTO `media` (`id`, `media_type_id`, `user_id`, `filename`, `size`, `metadata`, `created_at`, `updated_at`) VALUES (190, 5, 90, 'audio/x-pn-realaudio', 41813, '6e71452e2e3b44f16c757c4cdb2e7847ff95f7cbec3e2e20a57b46e1c8b2ccc4', '1972-12-02 09:52:58', '2014-02-17 08:39:56');
INSERT INTO `media` (`id`, `media_type_id`, `user_id`, `filename`, `size`, `metadata`, `created_at`, `updated_at`) VALUES (191, 1, 91, 'application/x-cdlink', 411805865, '93456a6761e00434252534fea0957d5211fc365a882339428456a4e54e69e442', '1994-01-17 18:44:20', '1976-11-24 13:40:58');
INSERT INTO `media` (`id`, `media_type_id`, `user_id`, `filename`, `size`, `metadata`, `created_at`, `updated_at`) VALUES (192, 2, 92, 'text/cache-manifest', 777617, '56c4260ea96c3a90c9a7292b455ffb9b333129bcdbc5eb95865197a900933011', '2017-02-16 09:16:58', '1981-07-08 00:15:18');
INSERT INTO `media` (`id`, `media_type_id`, `user_id`, `filename`, `size`, `metadata`, `created_at`, `updated_at`) VALUES (193, 3, 93, 'application/vnd.sun.xml.impress.template', 1, 'be416d7cabfee48b31cff34b7edda124c76d52cbe2beebd301b6a737a158a7af', '1973-07-29 16:01:56', '1997-03-19 09:00:16');
INSERT INTO `media` (`id`, `media_type_id`, `user_id`, `filename`, `size`, `metadata`, `created_at`, `updated_at`) VALUES (194, 4, 94, 'text/vnd.in3d.spot', 439113, '3490118419aee4065d9411dc8ede48ddf3e3c03bb1b22041e168f8ceba0f209b', '1981-01-12 19:56:54', '2012-01-16 13:41:35');
INSERT INTO `media` (`id`, `media_type_id`, `user_id`, `filename`, `size`, `metadata`, `created_at`, `updated_at`) VALUES (195, 5, 95, 'application/vnd.dece.data', 6167865, '8c8a45e099d7e0ba60e75af27ed7ff2cdfbeaf8bccd45fec4d9e9da99edcbdcb', '2002-02-19 21:57:09', '1971-03-21 12:06:05');
INSERT INTO `media` (`id`, `media_type_id`, `user_id`, `filename`, `size`, `metadata`, `created_at`, `updated_at`) VALUES (196, 1, 96, 'application/vnd.syncml.dm+xml', 2435397, '5c81f2ad752f27d20a42862207e7dcd09f4c384bbcd2ac8d53d519afcedffdd7', '1975-12-04 16:28:20', '2009-07-11 06:36:28');
INSERT INTO `media` (`id`, `media_type_id`, `user_id`, `filename`, `size`, `metadata`, `created_at`, `updated_at`) VALUES (197, 2, 97, 'application/vnd.ahead.space', 293, '357ee77bdf02b6faa2d67ff66cdf20e1ef1eeb4775f9ec66be046ce20f463b94', '1995-01-20 15:51:43', '1986-05-26 19:05:47');
INSERT INTO `media` (`id`, `media_type_id`, `user_id`, `filename`, `size`, `metadata`, `created_at`, `updated_at`) VALUES (198, 3, 98, 'application/x-cfs-compressed', 10577927, '98a11493770be0aa509977886a7880e02c94195a026c0564cd5eafe162f704bb', '2012-12-18 08:45:08', '1994-10-25 11:38:12');
INSERT INTO `media` (`id`, `media_type_id`, `user_id`, `filename`, `size`, `metadata`, `created_at`, `updated_at`) VALUES (199, 4, 99, 'application/x-sv4cpio', 8634373, 'b237ff7366719f43103d2e5500b0da77706d112b290c104edb2a448ef0427503', '1993-01-01 09:57:08', '1984-08-11 17:38:22');
INSERT INTO `media` (`id`, `media_type_id`, `user_id`, `filename`, `size`, `metadata`, `created_at`, `updated_at`) VALUES (200, 5, 100, 'image/vnd.fujixerox.edmics-rlc', 40770435, '2e9bddfc15edcec067f1149a997069a5ec7a2619c329f92c87bf74348a341de1', '2010-08-14 08:44:32', '1992-11-16 03:23:55');
INSERT INTO `media` (`id`, `media_type_id`, `user_id`, `filename`, `size`, `metadata`, `created_at`, `updated_at`) VALUES (201, 1, 1, 'application/vnd.koan', 45, '2b126e810d084b247d81a4980ace3a0cee14c8b01c62499e6598465e424e7aca', '1992-06-05 09:20:44', '1983-12-24 03:30:20');
INSERT INTO `media` (`id`, `media_type_id`, `user_id`, `filename`, `size`, `metadata`, `created_at`, `updated_at`) VALUES (202, 2, 2, 'application/vnd.llamagraphics.life-balance.desktop', 37, 'b65201cc249fd63f0fd825d197ab226a0e457875f7269505dddb740182c473ff', '1988-10-03 10:57:51', '2005-03-24 01:06:48');
INSERT INTO `media` (`id`, `media_type_id`, `user_id`, `filename`, `size`, `metadata`, `created_at`, `updated_at`) VALUES (203, 3, 3, 'application/vnd.epson.msf', 0, '2851712958a292423e44194e84baf44e2abeffd2ab73b3711a15800a9820e6d9', '1999-07-30 00:09:59', '1970-02-24 03:07:38');
INSERT INTO `media` (`id`, `media_type_id`, `user_id`, `filename`, `size`, `metadata`, `created_at`, `updated_at`) VALUES (204, 4, 4, 'audio/ogg', 3339896, '36dcc06ec58e0564fb23d7cb6601ee1f250560779b78b7171832497fd0864354', '2003-12-08 19:34:28', '1989-07-05 16:16:27');
INSERT INTO `media` (`id`, `media_type_id`, `user_id`, `filename`, `size`, `metadata`, `created_at`, `updated_at`) VALUES (205, 5, 5, 'application/x-mie', 878575466, '3ecdd3e8e50fec5a50e1221a1ef49649cc3238105b1427988ea88e604f3a46d3', '1972-06-13 00:33:40', '1977-09-09 06:02:50');
INSERT INTO `media` (`id`, `media_type_id`, `user_id`, `filename`, `size`, `metadata`, `created_at`, `updated_at`) VALUES (206, 1, 6, 'application/vnd.ms-powerpoint.addin.macroenabled.12', 0, 'd3c9f0df71973556681d225e4f7c81dc412bcbaffe66332a38e17230e88b60cd', '1981-02-01 07:51:34', '2010-04-19 17:39:10');
INSERT INTO `media` (`id`, `media_type_id`, `user_id`, `filename`, `size`, `metadata`, `created_at`, `updated_at`) VALUES (207, 2, 7, 'application/x-tar', 71, '9385d331568276abd0e5dd576063a5286831a514c61daf7143b976ff793ac717', '1973-02-02 04:10:43', '1971-01-18 16:18:15');
INSERT INTO `media` (`id`, `media_type_id`, `user_id`, `filename`, `size`, `metadata`, `created_at`, `updated_at`) VALUES (208, 3, 8, 'text/csv', 0, 'df00f5de41606bd9b926f7c41cc2f1821757a967c60c1ba52bcb197b43611716', '1992-11-16 21:36:55', '1970-09-27 08:23:59');
INSERT INTO `media` (`id`, `media_type_id`, `user_id`, `filename`, `size`, `metadata`, `created_at`, `updated_at`) VALUES (209, 4, 9, 'application/yang', 5468, '1c1a3d40f18216a09d19f8897b37ed9a80552c56117ada466c136266350d14a5', '1995-02-25 23:53:32', '2010-05-03 02:47:43');
INSERT INTO `media` (`id`, `media_type_id`, `user_id`, `filename`, `size`, `metadata`, `created_at`, `updated_at`) VALUES (210, 5, 10, 'audio/x-flac', 618532, '10531d3da1ebb905f8dd97e0b235af5eae9307d2595b0a1de843e1a8d12994d2', '2003-05-27 00:40:32', '1997-09-08 04:54:49');
INSERT INTO `media` (`id`, `media_type_id`, `user_id`, `filename`, `size`, `metadata`, `created_at`, `updated_at`) VALUES (211, 1, 11, 'application/x-gramps-xml', 963, '9a1db5100351458a31d0caeac424e7cf27ffc3d3e91e0d22b6791aed34cdcdc5', '2010-10-14 13:24:48', '2004-09-13 07:12:58');
INSERT INTO `media` (`id`, `media_type_id`, `user_id`, `filename`, `size`, `metadata`, `created_at`, `updated_at`) VALUES (212, 2, 12, 'application/vnd.ms-htmlhelp', 969630267, '346a1c15daab8988498d26b51d3ffb28fe9ddd77da2f08c94cb35af72c9db201', '2008-04-24 02:50:49', '1986-07-07 20:16:38');
INSERT INTO `media` (`id`, `media_type_id`, `user_id`, `filename`, `size`, `metadata`, `created_at`, `updated_at`) VALUES (213, 3, 13, 'application/pgp-encrypted', 619893, '393d5f9eabd4d439e39bac6e1f8e3a36bf7338dae5707088d538c570241ec3c2', '1981-12-09 09:58:19', '1987-05-27 01:01:03');
INSERT INTO `media` (`id`, `media_type_id`, `user_id`, `filename`, `size`, `metadata`, `created_at`, `updated_at`) VALUES (214, 4, 14, 'video/ogg', 6675233, 'f0dc671bdc3263819cd8e90a8e45145a49ec0aa131838aa4dc7d7c850a666e69', '1980-12-02 13:31:07', '2000-03-12 17:06:15');
INSERT INTO `media` (`id`, `media_type_id`, `user_id`, `filename`, `size`, `metadata`, `created_at`, `updated_at`) VALUES (215, 5, 15, 'application/vnd.syncml.dm+xml', 234, 'a56dbf89621b1c7f748f3762ba387fdc2ae4e314473d5f1e3a04f1429c664ca3', '1986-07-19 21:35:57', '1987-12-21 02:46:09');
INSERT INTO `media` (`id`, `media_type_id`, `user_id`, `filename`, `size`, `metadata`, `created_at`, `updated_at`) VALUES (216, 1, 16, 'audio/adpcm', 914281667, '7c49b05b23d0ed13f7eea2ab88e5e4798686730cdd140a74b04f0669f813fa7e', '1995-08-22 18:53:54', '1981-09-12 00:28:20');
INSERT INTO `media` (`id`, `media_type_id`, `user_id`, `filename`, `size`, `metadata`, `created_at`, `updated_at`) VALUES (217, 2, 17, 'audio/x-flac', 641336, 'bc1825bb90a013eb7deb3af87ab756bf60a7649a3b23dfde7f8b965b12874e6d', '2007-03-15 02:15:16', '1974-12-25 15:43:17');
INSERT INTO `media` (`id`, `media_type_id`, `user_id`, `filename`, `size`, `metadata`, `created_at`, `updated_at`) VALUES (218, 3, 18, 'audio/webm', 962223894, '5443215dde6e14ea21a893b581a0db0d9c7b7697ad165f4e12dcfbf45fa3082f', '1999-05-14 02:10:16', '2013-04-23 14:04:00');
INSERT INTO `media` (`id`, `media_type_id`, `user_id`, `filename`, `size`, `metadata`, `created_at`, `updated_at`) VALUES (219, 4, 19, 'application/mp4', 33, '986095c6aa91a210c6a8e7df53dd56107371ac2104b26c2eb9d3969b0f5b86d6', '1997-03-06 23:30:04', '1970-03-17 14:32:22');
INSERT INTO `media` (`id`, `media_type_id`, `user_id`, `filename`, `size`, `metadata`, `created_at`, `updated_at`) VALUES (220, 5, 20, 'application/vnd.las.las+xml', 16230778, '44d866bac50875d6731ddf11c853bc31e115e34621267e27d58b169ced4a02c8', '1985-08-25 06:16:16', '2008-12-26 17:32:18');
INSERT INTO `media` (`id`, `media_type_id`, `user_id`, `filename`, `size`, `metadata`, `created_at`, `updated_at`) VALUES (221, 1, 21, 'application/vnd.flographit', 84, 'e6d1516069950ea93868d01d7d52b73daf2cff16c1ce0ca6498780cee3ef0a08', '2010-08-21 17:33:18', '1990-05-03 01:12:32');
INSERT INTO `media` (`id`, `media_type_id`, `user_id`, `filename`, `size`, `metadata`, `created_at`, `updated_at`) VALUES (222, 2, 22, 'text/css', 0, 'd8a9be0b66f2d83fc184eca017b50c344d434a3ec348570ae9d2ee5d90974e77', '1992-11-10 01:09:37', '1999-07-27 05:30:55');
INSERT INTO `media` (`id`, `media_type_id`, `user_id`, `filename`, `size`, `metadata`, `created_at`, `updated_at`) VALUES (223, 3, 23, 'image/gif', 722, 'cdd7d7250902b917701b76c73c7f0ce338ff25d54787b525159aff625dc9c598', '2002-06-29 03:55:38', '2013-11-22 05:03:07');
INSERT INTO `media` (`id`, `media_type_id`, `user_id`, `filename`, `size`, `metadata`, `created_at`, `updated_at`) VALUES (224, 4, 24, 'application/pkix-pkipath', 9772, 'a7127255fb4be91b7843b54b4561e8a7e49e6d5eccf04a565730aa64e4612472', '1970-08-17 14:43:17', '1998-02-11 05:46:43');
INSERT INTO `media` (`id`, `media_type_id`, `user_id`, `filename`, `size`, `metadata`, `created_at`, `updated_at`) VALUES (225, 5, 25, 'application/vnd.xara', 661, '5d055691417e521b406ee0efe5b9018621a3f624057efec53c62a8c5ddeefeca', '2005-07-25 22:13:03', '1988-04-14 06:16:20');
INSERT INTO `media` (`id`, `media_type_id`, `user_id`, `filename`, `size`, `metadata`, `created_at`, `updated_at`) VALUES (226, 1, 26, 'application/x-wais-source', 8289, 'f643c20788a95784db6078d95641c5425a67161259991b17a4843a1c014d8fa1', '1994-06-29 10:13:42', '2012-09-03 16:28:50');
INSERT INTO `media` (`id`, `media_type_id`, `user_id`, `filename`, `size`, `metadata`, `created_at`, `updated_at`) VALUES (227, 2, 27, 'image/prs.btif', 1486726, 'acbdd309cca13beb77385126a20a26eaca9940eeeef1182c36bc918e60b35e79', '2005-01-24 01:30:36', '2002-05-27 18:55:44');
INSERT INTO `media` (`id`, `media_type_id`, `user_id`, `filename`, `size`, `metadata`, `created_at`, `updated_at`) VALUES (228, 3, 28, 'application/vnd.ms-htmlhelp', 482647, 'd331196d72da9bd27eec8cc7aa53dd6bd1c605299c626d2af6754f5bbe7ecc48', '2011-01-13 07:08:32', '1983-11-25 09:56:24');
INSERT INTO `media` (`id`, `media_type_id`, `user_id`, `filename`, `size`, `metadata`, `created_at`, `updated_at`) VALUES (229, 4, 29, 'application/x-xpinstall', 53817532, '47cc7b6cb8c74c16674e0d3a47e5a8fc376201dde5fe2d5a00afc65c0dfed88c', '1994-12-12 07:58:17', '1988-06-01 18:02:41');
INSERT INTO `media` (`id`, `media_type_id`, `user_id`, `filename`, `size`, `metadata`, `created_at`, `updated_at`) VALUES (230, 5, 30, 'video/jpeg', 64806853, '7ccf4426bfdf4ad0e9931b78696be2c53d9a8e1827b9aa4a1853793be3393b89', '1992-09-02 10:55:28', '1982-01-18 04:50:19');
INSERT INTO `media` (`id`, `media_type_id`, `user_id`, `filename`, `size`, `metadata`, `created_at`, `updated_at`) VALUES (231, 1, 31, 'image/prs.btif', 584267076, '64106a603dcf15e79dc396fe326a16c55600b0c95da4b6954514967bba4b1bda', '2012-03-17 06:30:14', '2008-11-16 00:11:43');
INSERT INTO `media` (`id`, `media_type_id`, `user_id`, `filename`, `size`, `metadata`, `created_at`, `updated_at`) VALUES (232, 2, 32, 'application/x-7z-compressed', 3049, 'bddf7da4c87f027b7017a58bd99b94d2bb75a9328ccabb4259219085b2745d93', '1987-12-03 02:36:47', '2016-07-18 02:12:46');
INSERT INTO `media` (`id`, `media_type_id`, `user_id`, `filename`, `size`, `metadata`, `created_at`, `updated_at`) VALUES (233, 3, 33, 'application/vnd.xara', 5763105, 'ed00ebeb31ba37b4e351ff8d1bdd996ac503a26c5f63687483d267f073fa8f64', '2008-03-05 21:00:40', '2004-04-30 05:12:17');
INSERT INTO `media` (`id`, `media_type_id`, `user_id`, `filename`, `size`, `metadata`, `created_at`, `updated_at`) VALUES (234, 4, 34, 'application/x-t3vm-image', 6, 'd0d2030de4b87efb98b529f6539c7b7622fcbd9c9cb568a2ede8f5d423e9f637', '2006-07-20 02:35:56', '1976-04-18 10:41:35');
INSERT INTO `media` (`id`, `media_type_id`, `user_id`, `filename`, `size`, `metadata`, `created_at`, `updated_at`) VALUES (235, 5, 35, 'application/postscript', 215269229, '54abdee87071f4ce9cfdbbde4b57192a99472f1cf34991466739c3c7a2ce7f28', '2003-04-21 08:31:46', '2001-02-17 11:38:05');
INSERT INTO `media` (`id`, `media_type_id`, `user_id`, `filename`, `size`, `metadata`, `created_at`, `updated_at`) VALUES (236, 1, 36, 'application/vnd.sun.xml.writer', 734, '110afb5f3d0538e44808c97a42f8f1af04720b0f6dab62b9d9ba37914b787e3f', '1979-10-30 21:30:45', '2018-09-20 17:47:37');
INSERT INTO `media` (`id`, `media_type_id`, `user_id`, `filename`, `size`, `metadata`, `created_at`, `updated_at`) VALUES (237, 2, 37, 'application/epub+zip', 2954, 'fd650882f7a46586ea6c5cd111bed0b2e999cc84fb67aea7b04d57228c6dd00a', '2004-12-02 00:14:16', '1972-10-24 11:29:54');
INSERT INTO `media` (`id`, `media_type_id`, `user_id`, `filename`, `size`, `metadata`, `created_at`, `updated_at`) VALUES (238, 3, 38, 'application/vnd.ms-word.template.macroenabled.12', 58, 'e812263e7579156c95a9fa32565cbea8a214dc8f1a4e871ec5f5da6cf70f6d06', '1980-03-03 05:30:39', '2017-03-17 05:46:16');
INSERT INTO `media` (`id`, `media_type_id`, `user_id`, `filename`, `size`, `metadata`, `created_at`, `updated_at`) VALUES (239, 4, 39, 'application/vnd.sun.xml.draw', 890, '7d2834da8832f66dc3083c209abf6ed740f5d728f367ae2ca0ef9e15a2456aed', '2017-01-27 19:26:22', '1991-12-26 01:42:49');
INSERT INTO `media` (`id`, `media_type_id`, `user_id`, `filename`, `size`, `metadata`, `created_at`, `updated_at`) VALUES (240, 5, 40, 'application/vnd.sailingtracker.track', 0, 'b422a2195a494ffc997996e0ebfdbe6972926832053c32a8301c3c165e26dcd2', '1990-01-13 02:42:55', '1975-06-01 10:59:27');
INSERT INTO `media` (`id`, `media_type_id`, `user_id`, `filename`, `size`, `metadata`, `created_at`, `updated_at`) VALUES (241, 1, 41, 'image/cgm', 12429703, '2808e3b92373620141d4ae19be01ad5d39c2691c66869267d9e6a5557f3f1dfa', '2005-08-01 23:55:02', '2001-12-19 17:06:25');
INSERT INTO `media` (`id`, `media_type_id`, `user_id`, `filename`, `size`, `metadata`, `created_at`, `updated_at`) VALUES (242, 2, 42, 'application/vnd.sun.xml.writer', 879, '9958c931292a1c8a4b655d303afbe096d63d451c19ac7de11c93308ec386767d', '1992-09-21 03:35:30', '1979-10-29 11:43:35');
INSERT INTO `media` (`id`, `media_type_id`, `user_id`, `filename`, `size`, `metadata`, `created_at`, `updated_at`) VALUES (243, 3, 43, 'application/vnd.ms-pki.stl', 661, '9b451f235e21f258cd0749a9304c170a6fe95ace942860419df825f5957e7142', '2013-06-15 21:54:55', '1994-06-02 17:24:04');
INSERT INTO `media` (`id`, `media_type_id`, `user_id`, `filename`, `size`, `metadata`, `created_at`, `updated_at`) VALUES (244, 4, 44, 'application/vnd.ms-cab-compressed', 601220297, '287639a1a360e201e22dd403c0b5a02f936dc079f0d85a00f69ee3e32cd7ef20', '2013-07-11 06:59:49', '1993-05-26 06:18:41');
INSERT INTO `media` (`id`, `media_type_id`, `user_id`, `filename`, `size`, `metadata`, `created_at`, `updated_at`) VALUES (245, 5, 45, 'text/n3', 9032, 'f0e7e4091ae9d1e8d8409aee740a2f089346a36d5773b9897eb38b6e3ef33480', '1988-06-01 02:59:11', '1977-07-31 01:02:13');
INSERT INTO `media` (`id`, `media_type_id`, `user_id`, `filename`, `size`, `metadata`, `created_at`, `updated_at`) VALUES (246, 1, 46, 'application/vnd.ms-cab-compressed', 779992573, 'dd1c189fc3c8014479a048f6735e5a6eee02b7c2d789e06596f5b971d2862afd', '2009-10-09 20:40:47', '2014-04-03 17:23:53');
INSERT INTO `media` (`id`, `media_type_id`, `user_id`, `filename`, `size`, `metadata`, `created_at`, `updated_at`) VALUES (247, 2, 47, 'image/vnd.fujixerox.edmics-rlc', 945490909, '87a44ee0fce65a9b8bf1354948da8385af5f585aad10555b4e0d2a02c5b7dbe4', '1997-10-20 08:50:05', '1970-03-13 23:51:23');
INSERT INTO `media` (`id`, `media_type_id`, `user_id`, `filename`, `size`, `metadata`, `created_at`, `updated_at`) VALUES (248, 3, 48, 'application/vnd.wap.wmlscriptc', 873010210, '8641e78d338c4a8d299576e0d9f14475a338642f7a7bb7fe0b3fbe775cd7e5fe', '2005-09-08 00:21:08', '2015-11-14 20:24:15');
INSERT INTO `media` (`id`, `media_type_id`, `user_id`, `filename`, `size`, `metadata`, `created_at`, `updated_at`) VALUES (249, 4, 49, 'application/x-debian-package', 95259, 'dbfad9b4478ca9865310d42af6e3acca1372ec29d45c9500d800acb70083e932', '2015-12-17 02:19:18', '2007-01-09 05:46:43');
INSERT INTO `media` (`id`, `media_type_id`, `user_id`, `filename`, `size`, `metadata`, `created_at`, `updated_at`) VALUES (250, 5, 50, 'application/x-sql', 399, 'ee2583a0fce8aacb685d8a54605d5860fc12cf198c8800d723f582051ab8fea6', '1995-05-06 00:01:27', '1975-08-09 14:54:26');
INSERT INTO `media` (`id`, `media_type_id`, `user_id`, `filename`, `size`, `metadata`, `created_at`, `updated_at`) VALUES (251, 1, 51, 'image/vnd.fst', 59, '3d63a3ac5d59a6a578ed91c7b41cbf772f472c7c967d32a37c0f1a3c6b042607', '1986-11-19 11:24:16', '1991-05-17 04:19:41');
INSERT INTO `media` (`id`, `media_type_id`, `user_id`, `filename`, `size`, `metadata`, `created_at`, `updated_at`) VALUES (252, 2, 52, 'application/x-font-ttf', 7459, '1ee6c22e270d4702baee91c74314cd663dc4ede5be03d99ecfe6ddd94420caa5', '1974-10-14 04:57:52', '2007-06-28 06:12:47');
INSERT INTO `media` (`id`, `media_type_id`, `user_id`, `filename`, `size`, `metadata`, `created_at`, `updated_at`) VALUES (253, 3, 53, 'application/pls+xml', 5499, '306c85d0d99a135a07caf53b7d628ed57f3b032a4429f4e17cc72764b11d8037', '1994-11-25 22:30:01', '1974-11-01 18:57:53');
INSERT INTO `media` (`id`, `media_type_id`, `user_id`, `filename`, `size`, `metadata`, `created_at`, `updated_at`) VALUES (254, 4, 54, 'application/zip', 67109, '5aee2a321d95ffb0ed8d4f05757ee56eb1bd99283f0e4cc598906b288e4b1d2e', '2010-10-12 10:05:07', '1994-10-29 09:56:55');
INSERT INTO `media` (`id`, `media_type_id`, `user_id`, `filename`, `size`, `metadata`, `created_at`, `updated_at`) VALUES (255, 5, 55, 'application/vnd.openxmlformats-officedocument.presentationml.slide', 27890722, '7b4b1521d94848e3c660b61cafe93a71bd3dadd76f80053d9cd98a5f59d66eda', '2015-08-30 23:32:36', '2015-09-05 20:05:11');
INSERT INTO `media` (`id`, `media_type_id`, `user_id`, `filename`, `size`, `metadata`, `created_at`, `updated_at`) VALUES (256, 1, 56, 'application/vnd.recordare.musicxml+xml', 63876, 'ec30c067caea8c922f43c9302e99d0b5d928dabf1eb97bd3403b641c01d382f5', '1979-04-14 16:04:50', '1975-11-29 02:47:02');
INSERT INTO `media` (`id`, `media_type_id`, `user_id`, `filename`, `size`, `metadata`, `created_at`, `updated_at`) VALUES (257, 2, 57, 'audio/x-mpegurl', 6, '441d0594efaa577e6eec71e8ae25a0088090b06f732e20b87f92348726fe18da', '1997-08-06 12:46:36', '2012-02-03 16:48:25');
INSERT INTO `media` (`id`, `media_type_id`, `user_id`, `filename`, `size`, `metadata`, `created_at`, `updated_at`) VALUES (258, 3, 58, 'application/vnd.kde.kpresenter', 50746, '4a7ce56ba5034583335587d4afa42678b8a475e959b435c5e00c1a0bf46d0b45', '2017-11-11 03:08:25', '2004-06-29 14:32:25');
INSERT INTO `media` (`id`, `media_type_id`, `user_id`, `filename`, `size`, `metadata`, `created_at`, `updated_at`) VALUES (259, 4, 59, 'application/vnd.openxmlformats-officedocument.presentationml.presentation', 793889780, '59be31703b349050953f1724a910a31a4f2c7ac5665b52048ff2938ab3036b66', '2007-05-16 17:43:40', '1978-10-20 18:51:38');
INSERT INTO `media` (`id`, `media_type_id`, `user_id`, `filename`, `size`, `metadata`, `created_at`, `updated_at`) VALUES (260, 5, 60, 'application/mets+xml', 344045, '73f69fb5b931850d6f663dddc72804ee5cdad35f73cf229196303535794a0643', '2007-08-17 11:57:51', '1996-10-03 15:47:42');
INSERT INTO `media` (`id`, `media_type_id`, `user_id`, `filename`, `size`, `metadata`, `created_at`, `updated_at`) VALUES (261, 1, 61, 'application/x-rar-compressed', 9, '33a7d8041e0d7c069252bbc42f70cd9ba122320d51e0608ef70bc835edb058af', '2007-05-11 04:24:20', '1971-09-14 14:13:36');
INSERT INTO `media` (`id`, `media_type_id`, `user_id`, `filename`, `size`, `metadata`, `created_at`, `updated_at`) VALUES (262, 2, 62, 'application/x-tcl', 138622, 'a4b15f59f85d19ee7913cf5433a90800eb76ff1310642f93da18388fd251fe3b', '1979-04-25 22:16:47', '1993-09-26 18:54:55');
INSERT INTO `media` (`id`, `media_type_id`, `user_id`, `filename`, `size`, `metadata`, `created_at`, `updated_at`) VALUES (263, 3, 63, 'image/x-cmu-raster', 1953, 'bd19344afa88e27078de99579211521ffba5864f00859bbbbcf1100497753181', '1988-03-04 09:34:15', '1989-06-04 16:44:55');
INSERT INTO `media` (`id`, `media_type_id`, `user_id`, `filename`, `size`, `metadata`, `created_at`, `updated_at`) VALUES (264, 4, 64, 'text/x-vcalendar', 6694007, '3e26a1668ba34b9f4c8754e763ca0ed136a5d6bb1e57efdf084d74d7174145f6', '2015-04-07 06:46:26', '2010-05-28 19:43:15');
INSERT INTO `media` (`id`, `media_type_id`, `user_id`, `filename`, `size`, `metadata`, `created_at`, `updated_at`) VALUES (265, 5, 65, 'application/vnd.kde.kword', 6, '9732da13d2e98c86038f43087353d912aa4d79b159ef3ba2d83faa1e0586cea6', '2009-04-21 16:07:58', '1974-08-11 13:52:56');
INSERT INTO `media` (`id`, `media_type_id`, `user_id`, `filename`, `size`, `metadata`, `created_at`, `updated_at`) VALUES (266, 1, 66, 'application/vnd.tcpdump.pcap', 711229084, 'a38b49bca2359500e668860b25349693244285f88f6e98669202f61a386210a6', '1979-03-16 05:30:39', '1977-09-04 23:26:42');
INSERT INTO `media` (`id`, `media_type_id`, `user_id`, `filename`, `size`, `metadata`, `created_at`, `updated_at`) VALUES (267, 2, 67, 'application/vnd.ms-pki.seccat', 19436, 'c88dd972b53fc968520e3bba4d2a8f44cdcedc5964cfaf4cc6095c7638ffd2ea', '1983-07-16 22:07:33', '1982-11-13 10:12:52');
INSERT INTO `media` (`id`, `media_type_id`, `user_id`, `filename`, `size`, `metadata`, `created_at`, `updated_at`) VALUES (268, 3, 68, 'application/x-tgif', 79266201, '678aa2aabc69a118156556fa519e29c22f453dc665a8d6716b46c8bad3629e8b', '2019-07-01 08:42:40', '2007-02-03 08:49:56');
INSERT INTO `media` (`id`, `media_type_id`, `user_id`, `filename`, `size`, `metadata`, `created_at`, `updated_at`) VALUES (269, 4, 69, 'application/vnd.ufdl', 9464, 'ca530f15b1087fd4c3b561f6ae70b42a2eff7767d39667259e2c7ddaa70d3b36', '2012-04-27 15:31:13', '1990-03-21 10:50:31');
INSERT INTO `media` (`id`, `media_type_id`, `user_id`, `filename`, `size`, `metadata`, `created_at`, `updated_at`) VALUES (270, 5, 70, 'application/vnd.wap.wbxml', 66574700, '06091f1db7f4fef1aeaf456676f2bfbe9c4b23824304ff5e2d650c57e73e843b', '1980-11-20 11:15:36', '1996-01-17 23:26:21');
INSERT INTO `media` (`id`, `media_type_id`, `user_id`, `filename`, `size`, `metadata`, `created_at`, `updated_at`) VALUES (271, 1, 71, 'audio/ogg', 861223484, 'a88f80b4c2b21a8e460561d94d427fa7c6e5240e7c5b3c8e417f4f9cfa7ae9c8', '1989-06-29 16:28:38', '1997-05-05 08:06:27');
INSERT INTO `media` (`id`, `media_type_id`, `user_id`, `filename`, `size`, `metadata`, `created_at`, `updated_at`) VALUES (272, 2, 72, 'application/vnd.ds-keypoint', 270, 'a61dfe636b5207d0e88990863665bbca3cccd25fbde12aac40b4efdfcb0b35ca', '2008-09-21 08:18:49', '2017-02-26 20:16:04');
INSERT INTO `media` (`id`, `media_type_id`, `user_id`, `filename`, `size`, `metadata`, `created_at`, `updated_at`) VALUES (273, 3, 73, 'application/vnd.enliven', 560029277, '3a5d3cbc1e1326b8e2612b618bc280087e6cd9ae9d6ed89669af29c392e97e42', '1991-09-26 16:09:05', '1984-08-30 01:34:12');
INSERT INTO `media` (`id`, `media_type_id`, `user_id`, `filename`, `size`, `metadata`, `created_at`, `updated_at`) VALUES (274, 4, 74, 'model/vnd.mts', 46414, '8a7334bc5c132ab24be1f242fa52c60d9cfd0501e133863e12566a24af4abddd', '1975-01-01 14:45:25', '1988-04-21 11:20:10');
INSERT INTO `media` (`id`, `media_type_id`, `user_id`, `filename`, `size`, `metadata`, `created_at`, `updated_at`) VALUES (275, 5, 75, 'text/vnd.fly', 7, '285bc53f471175e059974982e1f8d0802870ec587dc2a152f25a1d7f7066a98c', '2006-05-26 03:01:32', '1992-12-03 02:13:52');
INSERT INTO `media` (`id`, `media_type_id`, `user_id`, `filename`, `size`, `metadata`, `created_at`, `updated_at`) VALUES (276, 1, 76, 'application/vnd.oasis.opendocument.formula', 6241112, '437e074d1058db8f8dc23c97eccc68b0ca3d7c3bc142a17275d9395e7b8fb199', '1999-07-16 05:05:56', '2004-10-08 19:25:42');
INSERT INTO `media` (`id`, `media_type_id`, `user_id`, `filename`, `size`, `metadata`, `created_at`, `updated_at`) VALUES (277, 2, 77, 'application/xaml+xml', 6, '14966200c35a4798c6e8c53775ab1211fd5c7f6e296a0d7f7e9c19dc7edbedf1', '2008-10-24 16:18:25', '2016-08-10 01:43:07');
INSERT INTO `media` (`id`, `media_type_id`, `user_id`, `filename`, `size`, `metadata`, `created_at`, `updated_at`) VALUES (278, 3, 78, 'application/ogg', 32063, 'ba3e322a449527962c803c43013a0d9963c1b99e235ff04266f9ba0961f09fac', '1979-05-24 04:25:23', '2003-07-25 08:26:43');
INSERT INTO `media` (`id`, `media_type_id`, `user_id`, `filename`, `size`, `metadata`, `created_at`, `updated_at`) VALUES (279, 4, 79, 'application/x-cdlink', 211109, '4699b1ab8be716a52e590d43b98abf89b8656d957385cbc375ea5435d2279443', '1976-01-06 05:50:51', '1994-08-26 01:14:34');
INSERT INTO `media` (`id`, `media_type_id`, `user_id`, `filename`, `size`, `metadata`, `created_at`, `updated_at`) VALUES (280, 5, 80, 'application/wsdl+xml', 6, 'bc36bb3cc41073160ebbd8b3b3af363c0e3b117b4414d263761dc5f684c86d8d', '1980-12-07 04:12:17', '1987-06-17 22:54:34');
INSERT INTO `media` (`id`, `media_type_id`, `user_id`, `filename`, `size`, `metadata`, `created_at`, `updated_at`) VALUES (281, 1, 81, 'application/wspolicy+xml', 32, 'fc5f642527136b8b4a17b8e79752a868fe597b87aaec0cc18b7a27c0d6d0330d', '2005-02-18 19:05:27', '1985-05-25 19:39:42');
INSERT INTO `media` (`id`, `media_type_id`, `user_id`, `filename`, `size`, `metadata`, `created_at`, `updated_at`) VALUES (282, 2, 82, 'audio/x-pn-realaudio-plugin', 457883, '3c8ca75c3ffe946acb4d1b794c5ceb521057b432a105b6c2b9e7ab7e9bbc6b44', '1992-09-12 14:03:17', '2003-11-15 12:36:23');
INSERT INTO `media` (`id`, `media_type_id`, `user_id`, `filename`, `size`, `metadata`, `created_at`, `updated_at`) VALUES (283, 3, 83, 'application/vnd.wolfram.player', 0, 'bd96bc33610e778ed07ad661e812b1807da3f2a6de4ad1098912920f1351b0bb', '1974-07-08 18:15:28', '2017-05-15 03:58:49');
INSERT INTO `media` (`id`, `media_type_id`, `user_id`, `filename`, `size`, `metadata`, `created_at`, `updated_at`) VALUES (284, 4, 84, 'image/x-icon', 9644, '96469ee3b698f321afda1c0d528764c5d26bf85d8e48453395e33f05a2bdfa02', '2004-01-04 23:33:49', '1988-05-12 18:29:45');
INSERT INTO `media` (`id`, `media_type_id`, `user_id`, `filename`, `size`, `metadata`, `created_at`, `updated_at`) VALUES (285, 5, 85, 'application/vnd.recordare.musicxml+xml', 23115, '27de8ac79261e3ccfa9857dcb48203805ce891ae7159c48e339d54ee804ffb4d', '2001-12-06 12:56:27', '1983-10-14 08:01:49');
INSERT INTO `media` (`id`, `media_type_id`, `user_id`, `filename`, `size`, `metadata`, `created_at`, `updated_at`) VALUES (286, 1, 86, 'application/vnd.syncml.dm+wbxml', 83106, '84261041ce1caeaac230c7eaeaa29fd9e3a2a3b25bcd9c5de1778bd55ba784dd', '2011-08-03 02:47:56', '1973-07-17 19:10:58');
INSERT INTO `media` (`id`, `media_type_id`, `user_id`, `filename`, `size`, `metadata`, `created_at`, `updated_at`) VALUES (287, 2, 87, 'application/x-ms-application', 423933721, '49202e826df68a5ff12be5c7c466d7b99d32f2dfbf9f470a35541c96de2ce60a', '2015-05-06 20:23:32', '2012-08-26 13:11:37');
INSERT INTO `media` (`id`, `media_type_id`, `user_id`, `filename`, `size`, `metadata`, `created_at`, `updated_at`) VALUES (288, 3, 88, 'application/vnd.hydrostatix.sof-data', 0, 'fd1a9d24fe0a2bf8ba3d192a2cb64fcc57e73964e8798e889b49c4de6306e938', '1978-10-22 11:54:15', '1982-02-08 04:15:58');
INSERT INTO `media` (`id`, `media_type_id`, `user_id`, `filename`, `size`, `metadata`, `created_at`, `updated_at`) VALUES (289, 4, 89, 'image/svg+xml', 0, 'a8e542a12ba0f49b37078c623fc33b1bd908ee1bfe5d6c891526205d81b75287', '2016-11-11 02:48:35', '2013-02-25 17:39:05');
INSERT INTO `media` (`id`, `media_type_id`, `user_id`, `filename`, `size`, `metadata`, `created_at`, `updated_at`) VALUES (290, 5, 90, 'image/vnd.dxf', 335, '3b71d2b87f314d07b629456baddcbe59a2a38ffe50d5b219f19e21a85c95a97f', '2004-03-02 06:51:36', '2018-12-20 08:45:27');
INSERT INTO `media` (`id`, `media_type_id`, `user_id`, `filename`, `size`, `metadata`, `created_at`, `updated_at`) VALUES (291, 1, 91, 'text/vnd.in3d.3dml', 1580, '49a2ccf0a3fb603e63312471ac520eced499361d37f85c56bcdfaa9caaa3be27', '1978-01-19 18:01:46', '2003-08-12 03:46:47');
INSERT INTO `media` (`id`, `media_type_id`, `user_id`, `filename`, `size`, `metadata`, `created_at`, `updated_at`) VALUES (292, 2, 92, 'image/vnd.xiff', 2, '986ac83f21993d632f0ee0ca06477cdcd1be74282e60fbae0a445b19314d1c2d', '1973-04-06 11:11:44', '2013-06-04 20:12:16');
INSERT INTO `media` (`id`, `media_type_id`, `user_id`, `filename`, `size`, `metadata`, `created_at`, `updated_at`) VALUES (293, 3, 93, 'text/x-uuencode', 43, '63adcfbb74bf2246a43b06f575ba4f32209c190c6738879adf2a4a57c75b1c5b', '1980-02-05 23:29:49', '1992-06-30 02:26:28');
INSERT INTO `media` (`id`, `media_type_id`, `user_id`, `filename`, `size`, `metadata`, `created_at`, `updated_at`) VALUES (294, 4, 94, 'application/vnd.mseq', 5, '246141bad748c6db57facb20d2188c5a89c6d0d39cc46878b2de75c3a1eb3f95', '1981-12-30 21:36:39', '2011-08-24 13:57:17');
INSERT INTO `media` (`id`, `media_type_id`, `user_id`, `filename`, `size`, `metadata`, `created_at`, `updated_at`) VALUES (295, 5, 95, 'image/x-portable-anymap', 0, '6b6995fbc2a806713a656336c131e1239424c7b53446bb04c778c68a0debe4c2', '1979-11-17 19:58:52', '2014-01-24 19:41:02');
INSERT INTO `media` (`id`, `media_type_id`, `user_id`, `filename`, `size`, `metadata`, `created_at`, `updated_at`) VALUES (296, 1, 96, 'video/jpeg', 868, '1e336da2ca11f67f1c338fae9def3cff75dab688293e829e1c6c952f8d3374da', '1972-07-23 10:49:39', '2002-07-07 08:59:39');
INSERT INTO `media` (`id`, `media_type_id`, `user_id`, `filename`, `size`, `metadata`, `created_at`, `updated_at`) VALUES (297, 2, 97, 'application/vnd.kodak-descriptor', 324, 'd8dfac7d52405c137dcf4c6bde70a47852aca1d095fc7b545db2e9b2f01ec8c7', '2006-01-10 23:24:53', '1984-01-31 08:02:13');
INSERT INTO `media` (`id`, `media_type_id`, `user_id`, `filename`, `size`, `metadata`, `created_at`, `updated_at`) VALUES (298, 3, 98, 'application/vnd.oasis.opendocument.text-web', 35161, '322a26b9c005c5ceeecd2802dea4847cbd71f9b4cab2a0e932928570d75fc431', '2009-02-25 16:41:52', '2016-08-21 14:59:15');
INSERT INTO `media` (`id`, `media_type_id`, `user_id`, `filename`, `size`, `metadata`, `created_at`, `updated_at`) VALUES (299, 4, 99, 'image/x-xbitmap', 6, 'd6390cf5e0d2004d9e41981729e3a6fb7e450eee9256cf6d1bdfc7c31e6c678e', '2003-01-07 14:47:38', '1996-03-03 09:52:18');
INSERT INTO `media` (`id`, `media_type_id`, `user_id`, `filename`, `size`, `metadata`, `created_at`, `updated_at`) VALUES (300, 5, 100, 'application/x-msaccess', 32437, 'c35cbee67d833c53e611bd475a30173bceb67664060bbc114153ef9508931906', '1991-03-31 12:08:15', '1995-09-12 05:08:15');
INSERT INTO `media` (`id`, `media_type_id`, `user_id`, `filename`, `size`, `metadata`, `created_at`, `updated_at`) VALUES (301, 1, 1, 'application/x-dgc-compressed', 1987779, '8feb2d7de1d9e45faae208822cae541f2523168af3a291aff1c0853ddca399c3', '2013-01-08 03:04:01', '1970-09-09 00:20:48');
INSERT INTO `media` (`id`, `media_type_id`, `user_id`, `filename`, `size`, `metadata`, `created_at`, `updated_at`) VALUES (302, 2, 2, 'text/tab-separated-values', 12033382, '05c30fb718d7580775345b456c2ac8f0ff7954955d3ed58a96504e4f20a19c5d', '1993-01-22 08:38:37', '2017-09-08 21:44:53');
INSERT INTO `media` (`id`, `media_type_id`, `user_id`, `filename`, `size`, `metadata`, `created_at`, `updated_at`) VALUES (303, 3, 3, 'application/vnd.lotus-freelance', 9984699, '4fd134cc37fcd5b7de4bbbc60f6f68f85fa289c4ea267b92da3a9fca3e27e019', '1984-05-07 06:21:18', '1987-12-11 07:51:43');
INSERT INTO `media` (`id`, `media_type_id`, `user_id`, `filename`, `size`, `metadata`, `created_at`, `updated_at`) VALUES (304, 4, 4, 'application/xcap-diff+xml', 65, '9829c8f024aa73a68b86db84c148f0064ff25a5958868c7109f6b129f5986044', '2016-03-05 18:05:43', '1979-07-27 15:05:22');
INSERT INTO `media` (`id`, `media_type_id`, `user_id`, `filename`, `size`, `metadata`, `created_at`, `updated_at`) VALUES (305, 5, 5, 'image/vnd.wap.wbmp', 88922, 'dac00bedede9bfd81a56958c19b56aabc1f4de5f71a56cacd2d0c9d5c20e0e8b', '1993-01-30 22:42:43', '1976-04-22 07:15:19');
INSERT INTO `media` (`id`, `media_type_id`, `user_id`, `filename`, `size`, `metadata`, `created_at`, `updated_at`) VALUES (306, 1, 6, 'application/x-xz', 7901, '07d73261761075b5360e296797dc26542bbf53e67d796d1de8f24f3d7542952e', '1979-01-15 00:17:13', '1982-01-29 16:24:49');
INSERT INTO `media` (`id`, `media_type_id`, `user_id`, `filename`, `size`, `metadata`, `created_at`, `updated_at`) VALUES (307, 2, 7, 'text/vnd.graphviz', 225, '6eaca56e175e01593f10ad8518b610da12be080a07ce0edcbb084c6c535cbba2', '2008-06-14 00:25:58', '2011-07-07 17:54:35');
INSERT INTO `media` (`id`, `media_type_id`, `user_id`, `filename`, `size`, `metadata`, `created_at`, `updated_at`) VALUES (308, 3, 8, 'image/vnd.dece.graphic', 500570, '608daac26255016d6690f9b1363448fc5b41c32d4283c39b55ccd38266b78f1b', '2016-08-11 03:51:39', '2006-04-14 17:49:28');
INSERT INTO `media` (`id`, `media_type_id`, `user_id`, `filename`, `size`, `metadata`, `created_at`, `updated_at`) VALUES (309, 4, 9, 'video/vnd.fvt', 8, '27e37e2f1be92115968203c9e864010e9c94c85df4d780f391976bed58b456ff', '1978-10-19 12:39:44', '1989-10-30 12:23:26');
INSERT INTO `media` (`id`, `media_type_id`, `user_id`, `filename`, `size`, `metadata`, `created_at`, `updated_at`) VALUES (310, 5, 10, 'application/vnd.denovo.fcselayout-link', 7683675, '8ae70f0f312ed0443ea68c5c59e1029604b0785b561b5d1654964a1d0d57a709', '2005-06-30 10:34:21', '1970-03-18 00:14:45');
INSERT INTO `media` (`id`, `media_type_id`, `user_id`, `filename`, `size`, `metadata`, `created_at`, `updated_at`) VALUES (311, 1, 11, 'application/vnd.sun.xml.draw', 3, 'f72048b4d9e692e8ef88edd02caf315c60dd73d236cd7a7c193197cbcb7c5dd6', '2018-07-30 18:35:57', '1991-05-31 09:57:45');
INSERT INTO `media` (`id`, `media_type_id`, `user_id`, `filename`, `size`, `metadata`, `created_at`, `updated_at`) VALUES (312, 2, 12, 'video/vnd.ms-playready.media.pyv', 4789682, '26603cb396c7e2dc3e218de593d54672f866e898c2c54a55eee21c1706dee4d2', '1985-06-11 10:35:14', '1985-10-09 13:45:29');
INSERT INTO `media` (`id`, `media_type_id`, `user_id`, `filename`, `size`, `metadata`, `created_at`, `updated_at`) VALUES (313, 3, 13, 'application/vnd.pvi.ptid1', 5001, '193365a12cbf6cf3a2c27d0935734a4a09db5ba112eaf7ae376b2a6e84da731b', '1997-06-07 09:54:26', '1970-08-09 09:23:29');
INSERT INTO `media` (`id`, `media_type_id`, `user_id`, `filename`, `size`, `metadata`, `created_at`, `updated_at`) VALUES (314, 4, 14, 'application/yin+xml', 541370, '4a8cd4c76b9a658ab3cff10c5ae513fcfca1313fc97fe845cc3735de3dd5e521', '1996-04-20 21:41:42', '1985-02-22 12:04:17');
INSERT INTO `media` (`id`, `media_type_id`, `user_id`, `filename`, `size`, `metadata`, `created_at`, `updated_at`) VALUES (315, 5, 15, 'application/vnd.epson.quickanime', 821321, '9dce6a536be70ec63f39543397ef460822dc04e4b9eb5d808e9e2643762a23aa', '1973-03-10 09:00:01', '2004-03-11 15:32:26');
INSERT INTO `media` (`id`, `media_type_id`, `user_id`, `filename`, `size`, `metadata`, `created_at`, `updated_at`) VALUES (316, 1, 16, 'application/vnd.fdsn.seed', 509, 'e7804dc50bca775b2dac7b20de7ee22cba13cbefd5d5288217cb9c39599a2b6e', '2016-05-20 09:58:46', '2010-10-30 22:14:55');
INSERT INTO `media` (`id`, `media_type_id`, `user_id`, `filename`, `size`, `metadata`, `created_at`, `updated_at`) VALUES (317, 2, 17, 'application/vnd.epson.msf', 759149, '906abcdf33f16d4833df82c3bdf32607b8c09b91dbb67976d77d774529205565', '1983-12-10 20:01:33', '2017-12-21 22:06:01');
INSERT INTO `media` (`id`, `media_type_id`, `user_id`, `filename`, `size`, `metadata`, `created_at`, `updated_at`) VALUES (318, 3, 18, 'application/x-msdownload', 22558024, '7a12353e1301609d59d5c00b6bc54ea2ee8fefc1c46e2c26dd49eddb03897844', '2012-05-04 00:02:48', '2001-08-18 10:22:01');
INSERT INTO `media` (`id`, `media_type_id`, `user_id`, `filename`, `size`, `metadata`, `created_at`, `updated_at`) VALUES (319, 4, 19, 'application/vnd.ms-htmlhelp', 79005, 'b1a4e1d63a6b1fde648fec0a8d53cdfc14ad96980a08b9cb9241d558c33828c5', '1992-01-27 01:19:45', '2019-07-23 19:10:02');
INSERT INTO `media` (`id`, `media_type_id`, `user_id`, `filename`, `size`, `metadata`, `created_at`, `updated_at`) VALUES (320, 5, 20, 'application/x-java-jnlp-file', 7206, '41d52e00205350a1205c46001179e395f1f24afee11eb4f4eb1572e28a79b086', '2000-11-01 05:38:54', '1983-11-19 06:45:34');
INSERT INTO `media` (`id`, `media_type_id`, `user_id`, `filename`, `size`, `metadata`, `created_at`, `updated_at`) VALUES (321, 1, 21, 'application/x-cpio', 880130, '95b2dba573d1bbb67b42322ad7296851ac77a6807c06ce908bfb3a89699fb4b8', '1992-09-28 20:33:55', '1984-11-19 23:11:42');
INSERT INTO `media` (`id`, `media_type_id`, `user_id`, `filename`, `size`, `metadata`, `created_at`, `updated_at`) VALUES (322, 2, 22, 'application/vnd.dart', 4734, '20d5559adab8ffedb5477cdc8f3ca23509ea5e6bbe4f41a0469fdffc24bca7ee', '2004-06-18 09:21:33', '2012-12-25 18:26:50');
INSERT INTO `media` (`id`, `media_type_id`, `user_id`, `filename`, `size`, `metadata`, `created_at`, `updated_at`) VALUES (323, 3, 23, 'application/rdf+xml', 464184484, 'd8c365ac1ad5e17a4f04e434ab101bebc061701fa614bac0e4c877fc8cfb094e', '2013-08-09 01:52:16', '2012-11-13 07:10:32');
INSERT INTO `media` (`id`, `media_type_id`, `user_id`, `filename`, `size`, `metadata`, `created_at`, `updated_at`) VALUES (324, 4, 24, 'model/vnd.gtw', 6, 'd2b23403e804029a554c8902e9a004f2c726c09b2650feba6bdad767dd6a0f58', '2009-04-03 23:04:43', '1970-11-08 02:10:44');
INSERT INTO `media` (`id`, `media_type_id`, `user_id`, `filename`, `size`, `metadata`, `created_at`, `updated_at`) VALUES (325, 5, 25, 'application/vnd.ms-wpl', 0, 'a716e9d8f0e72787c600d952a17f6a18169b1ca950dc7b0cbd819683105b1ff5', '2004-11-10 23:48:26', '1996-10-03 23:31:38');
INSERT INTO `media` (`id`, `media_type_id`, `user_id`, `filename`, `size`, `metadata`, `created_at`, `updated_at`) VALUES (326, 1, 26, 'application/vnd.openofficeorg.extension', 9530, '5558a26c8bda96020668c929d5122836943640e8775d7382e472dd4d93ef36f8', '1978-09-09 09:27:26', '2011-03-15 15:17:40');
INSERT INTO `media` (`id`, `media_type_id`, `user_id`, `filename`, `size`, `metadata`, `created_at`, `updated_at`) VALUES (327, 2, 27, 'image/jpeg', 80218685, 'e6707b77af087acfd084eb73fd1b0aa92b8466891745d1d157ce4590b2285452', '1993-06-26 06:21:54', '2004-03-03 19:38:41');
INSERT INTO `media` (`id`, `media_type_id`, `user_id`, `filename`, `size`, `metadata`, `created_at`, `updated_at`) VALUES (328, 3, 28, 'application/vnd.trueapp', 0, 'd576f2612da5bde1d7b9a7ca8a8589efc3d6a7f9694c13e2de3741f2d03ca849', '1973-05-06 22:35:48', '1972-08-23 14:03:37');
INSERT INTO `media` (`id`, `media_type_id`, `user_id`, `filename`, `size`, `metadata`, `created_at`, `updated_at`) VALUES (329, 4, 29, 'application/x-font-ttf', 526, '57c8f0f77cbdddb4f2666859c160173d225b3de2c107e008ea4366bd769e37a0', '1990-06-01 18:15:30', '1993-08-16 22:33:04');
INSERT INTO `media` (`id`, `media_type_id`, `user_id`, `filename`, `size`, `metadata`, `created_at`, `updated_at`) VALUES (330, 5, 30, 'model/vnd.dwf', 0, '5d91de1e6332d07f39f1e19f74d7a1c4d6e983246aa4e161d5913156f34b30cc', '1996-03-26 08:01:05', '2008-10-07 12:45:45');
INSERT INTO `media` (`id`, `media_type_id`, `user_id`, `filename`, `size`, `metadata`, `created_at`, `updated_at`) VALUES (331, 1, 31, 'application/vnd.ufdl', 685177, '2c9cd8b6d1f15543a65ad0e2331ff5ff1d50bc170b7010d7d482a4743526c46a', '2019-08-08 11:48:42', '1993-02-05 15:17:17');
INSERT INTO `media` (`id`, `media_type_id`, `user_id`, `filename`, `size`, `metadata`, `created_at`, `updated_at`) VALUES (332, 2, 32, 'video/quicktime', 642497729, 'b59f0eab3399da85f9cf6ed655a81e43ee4221ad8610ec2612b20ded04102452', '2005-03-28 19:53:24', '1985-01-10 04:40:25');
INSERT INTO `media` (`id`, `media_type_id`, `user_id`, `filename`, `size`, `metadata`, `created_at`, `updated_at`) VALUES (333, 3, 33, 'application/vnd.quark.quarkxpress', 1300, '32914b51fe9a3772bc7c8a75a4a6fe71f142e38c69a14caa7e60cddb723c0ac5', '1972-02-17 15:28:30', '2002-01-01 02:23:52');
INSERT INTO `media` (`id`, `media_type_id`, `user_id`, `filename`, `size`, `metadata`, `created_at`, `updated_at`) VALUES (334, 4, 34, 'audio/x-mpegurl', 420495, '4b4279b9a52cfd2b0b24538974c46f30aa8cd29feebae7d9f894291d4c53d071', '1974-06-29 06:47:09', '1979-04-14 18:48:30');
INSERT INTO `media` (`id`, `media_type_id`, `user_id`, `filename`, `size`, `metadata`, `created_at`, `updated_at`) VALUES (335, 5, 35, 'application/vnd.flographit', 800092, 'c438300718e47f65139a4cb89c0fcdf9c15a1256168431cb2815613abcf32bc1', '2018-02-14 07:56:40', '2018-02-20 09:15:10');
INSERT INTO `media` (`id`, `media_type_id`, `user_id`, `filename`, `size`, `metadata`, `created_at`, `updated_at`) VALUES (336, 1, 36, 'application/vnd.openxmlformats-officedocument.spreadsheetml.sheet', 30777, '5491c204722aaf7f5cdca4c9e9c2074e14c01e7cdc79710b27eb9f987b1ccebf', '1988-06-30 20:03:09', '2002-09-12 20:02:46');
INSERT INTO `media` (`id`, `media_type_id`, `user_id`, `filename`, `size`, `metadata`, `created_at`, `updated_at`) VALUES (337, 2, 37, 'image/vnd.fujixerox.edmics-mmr', 372744523, '3a25c15d2be1655677b71741d5322a26c22cade129953cb04c66981836c1c1f5', '1993-06-02 01:57:26', '1977-02-09 06:13:27');
INSERT INTO `media` (`id`, `media_type_id`, `user_id`, `filename`, `size`, `metadata`, `created_at`, `updated_at`) VALUES (338, 3, 38, 'application/x-gnumeric', 47391373, '5a9d7f46b4e087401e1a7846d92c537035f8234c9bc2ba35be205696e0d6797a', '1987-07-05 17:08:44', '1993-07-15 05:56:18');
INSERT INTO `media` (`id`, `media_type_id`, `user_id`, `filename`, `size`, `metadata`, `created_at`, `updated_at`) VALUES (339, 4, 39, 'audio/basic', 1162, 'a63cce29d85e36f86f3de65302df66be69c5ca56f2b335cfdc71fd309bd4a2e4', '2003-04-25 04:16:20', '2009-10-24 23:21:53');
INSERT INTO `media` (`id`, `media_type_id`, `user_id`, `filename`, `size`, `metadata`, `created_at`, `updated_at`) VALUES (340, 5, 40, 'application/vnd.immervision-ivp', 865373, '49a154d1307649a51172e1fd78b24d91becae02a76b2ccdc6f1b6f97dadd8400', '2002-07-02 23:58:40', '1976-02-06 00:27:28');
INSERT INTO `media` (`id`, `media_type_id`, `user_id`, `filename`, `size`, `metadata`, `created_at`, `updated_at`) VALUES (341, 1, 41, 'video/vnd.dece.sd', 915, '6d393c74befd51133a0f89ebc9e5d1687c0759fc893bff794517cd22f9be1ce6', '2018-05-15 16:13:07', '2005-05-09 02:10:28');
INSERT INTO `media` (`id`, `media_type_id`, `user_id`, `filename`, `size`, `metadata`, `created_at`, `updated_at`) VALUES (342, 2, 42, 'text/vnd.fmi.flexstor', 77, 'c5b61abcf68aebeb67f77813d2de34f3fe6dd29a4e530ffd4494d7fee1190076', '2018-06-06 21:29:59', '1985-06-17 21:11:19');
INSERT INTO `media` (`id`, `media_type_id`, `user_id`, `filename`, `size`, `metadata`, `created_at`, `updated_at`) VALUES (343, 3, 43, 'application/x-msclip', 479566, 'bccf404e357f6cd73de6ca642232db76c69d9ec1932310fd0ada57de16f4886b', '1976-11-06 17:03:23', '1975-11-19 18:28:19');
INSERT INTO `media` (`id`, `media_type_id`, `user_id`, `filename`, `size`, `metadata`, `created_at`, `updated_at`) VALUES (344, 4, 44, 'application/x-t3vm-image', 253, '6eca32bc75a720b3c4f2e70655dae3d8035c70a86c59d08542f2949bc8088ccc', '2018-08-03 05:14:48', '1999-02-03 14:29:02');
INSERT INTO `media` (`id`, `media_type_id`, `user_id`, `filename`, `size`, `metadata`, `created_at`, `updated_at`) VALUES (345, 5, 45, 'video/x-mng', 20839, 'fe7c45efdd306afa8c80506965dab563d1841abf39a26839512469efe0360aa9', '1993-11-25 20:03:23', '1987-12-03 06:34:37');
INSERT INTO `media` (`id`, `media_type_id`, `user_id`, `filename`, `size`, `metadata`, `created_at`, `updated_at`) VALUES (346, 1, 46, 'application/vnd.data-vision.rdz', 335434950, 'b1abdbd65c3ef55e2e9695cbd26b7c403a8fbe74af64bff71b931365f3fe8b01', '1992-04-12 01:13:00', '1979-06-06 18:45:41');
INSERT INTO `media` (`id`, `media_type_id`, `user_id`, `filename`, `size`, `metadata`, `created_at`, `updated_at`) VALUES (347, 2, 47, 'audio/mp4', 70530820, '3f5e40dc8273658b3a6b9e5ed1fcb1264e442d78f22dd346644dc9a881cd356f', '1994-08-02 21:14:49', '1990-08-28 11:46:44');
INSERT INTO `media` (`id`, `media_type_id`, `user_id`, `filename`, `size`, `metadata`, `created_at`, `updated_at`) VALUES (348, 3, 48, 'application/vnd.sun.xml.calc.template', 97494049, 'd8c040b0b1c7e3bb7f874c40aa288198968dfde89afe5e2a6be87d1bcd854cbb', '1982-11-05 08:34:59', '2006-09-04 18:23:14');
INSERT INTO `media` (`id`, `media_type_id`, `user_id`, `filename`, `size`, `metadata`, `created_at`, `updated_at`) VALUES (349, 4, 49, 'application/vnd.ms-artgalry', 52276, '567e069bcd66ef3e340cc96ea8b2a3e07c940f1566c5a72f31e2b2a52fd1df68', '1996-09-14 06:45:02', '1975-02-06 19:59:58');
INSERT INTO `media` (`id`, `media_type_id`, `user_id`, `filename`, `size`, `metadata`, `created_at`, `updated_at`) VALUES (350, 5, 50, 'image/ktx', 57514844, '6ca1d7d5562559fb2def3de4d5799b002e6898edcb7e3171c675bf3a8f05e7f4', '2005-10-31 18:02:20', '2011-08-19 03:10:08');
INSERT INTO `media` (`id`, `media_type_id`, `user_id`, `filename`, `size`, `metadata`, `created_at`, `updated_at`) VALUES (351, 1, 51, 'model/vnd.dwf', 0, '729aa45657dd3252675c161fb6cf1207e6f208a4dfd57b7808fe76f1b433be25', '1977-01-10 08:25:21', '2009-02-17 17:26:09');
INSERT INTO `media` (`id`, `media_type_id`, `user_id`, `filename`, `size`, `metadata`, `created_at`, `updated_at`) VALUES (352, 2, 52, 'application/vnd.sema', 85608929, '461645134fabab7e400ebd854a37e76aa7cd1e0d8db4727dfbdcc62d14463c12', '1995-01-18 19:33:47', '2010-05-08 02:16:35');
INSERT INTO `media` (`id`, `media_type_id`, `user_id`, `filename`, `size`, `metadata`, `created_at`, `updated_at`) VALUES (353, 3, 53, 'application/vnd.dynageo', 1, '8fb73487b7fea1f14625537186a4004d4d73ba506a472ce4665d02520b9b1710', '2001-08-06 18:36:19', '2003-03-27 22:20:11');
INSERT INTO `media` (`id`, `media_type_id`, `user_id`, `filename`, `size`, `metadata`, `created_at`, `updated_at`) VALUES (354, 4, 54, 'text/sgml', 468209580, '557e1887ca8cf9a7b9578620dc284a4ca0325c3a22556369604cdf53a9de6c92', '2014-01-05 01:00:02', '1974-02-07 11:44:05');
INSERT INTO `media` (`id`, `media_type_id`, `user_id`, `filename`, `size`, `metadata`, `created_at`, `updated_at`) VALUES (355, 5, 55, 'image/vnd.djvu', 72, '6015d7f8528d00a659e97b69a9d7df59ebda32a8689830374d98fedfa2cc38d3', '2001-02-03 13:49:23', '1975-08-27 05:17:00');
INSERT INTO `media` (`id`, `media_type_id`, `user_id`, `filename`, `size`, `metadata`, `created_at`, `updated_at`) VALUES (356, 1, 56, 'application/vnd.hal+xml', 0, '45a5a4384e9673cd3ad9dacd9b8386848296b29ca9fa3823634b1931a5c52e98', '1971-04-10 09:01:08', '2005-11-14 18:38:53');
INSERT INTO `media` (`id`, `media_type_id`, `user_id`, `filename`, `size`, `metadata`, `created_at`, `updated_at`) VALUES (357, 2, 57, 'application/xhtml+xml', 8616671, 'c9a23b8c022a953f1a833592b9ce9f8fb6c54257b65efcab179329119ab41216', '1976-03-13 02:51:33', '1972-04-03 15:48:45');
INSERT INTO `media` (`id`, `media_type_id`, `user_id`, `filename`, `size`, `metadata`, `created_at`, `updated_at`) VALUES (358, 3, 58, 'video/h263', 244598073, '8266161344d6c7b501cf5f8eefa3e9913ab744b39bb581a25bd74afe0331e893', '2001-05-04 07:07:13', '2011-08-05 15:45:51');
INSERT INTO `media` (`id`, `media_type_id`, `user_id`, `filename`, `size`, `metadata`, `created_at`, `updated_at`) VALUES (359, 4, 59, 'video/jpm', 301323138, '190a7b7647907fc0fc9b6a8b310c342f2462b8f6a4802a4e18ba3de4f0098b1a', '2009-10-03 18:56:37', '2000-01-30 05:28:00');
INSERT INTO `media` (`id`, `media_type_id`, `user_id`, `filename`, `size`, `metadata`, `created_at`, `updated_at`) VALUES (360, 5, 60, 'application/vnd.enliven', 57910, '958122c7b1a82a403d657fd4e302666ad20dcc09d4d68bfcf6b5a8f5b471b099', '2014-08-10 01:55:38', '2011-12-09 12:00:51');
INSERT INTO `media` (`id`, `media_type_id`, `user_id`, `filename`, `size`, `metadata`, `created_at`, `updated_at`) VALUES (361, 1, 61, 'image/x-xwindowdump', 122130, '582c7fbe96313b2365783f4264138622ed679eea0ac5a16e8d729f363de6383e', '2018-10-27 22:52:50', '2000-03-03 20:43:12');
INSERT INTO `media` (`id`, `media_type_id`, `user_id`, `filename`, `size`, `metadata`, `created_at`, `updated_at`) VALUES (362, 2, 62, 'application/x-ms-application', 8320325, '070bea9f5e80f29536d43bc3e6ba691d708b82061ac8f1bb07984a192babafa4', '2003-03-07 02:57:50', '1994-06-28 05:46:08');
INSERT INTO `media` (`id`, `media_type_id`, `user_id`, `filename`, `size`, `metadata`, `created_at`, `updated_at`) VALUES (363, 3, 63, 'application/vnd.dvb.ait', 58747023, '559b9c1e86d1c1ad34907a3b47c805d63eca531030cc5cf212626667487cb303', '1987-05-15 21:57:09', '1979-10-20 20:31:40');
INSERT INTO `media` (`id`, `media_type_id`, `user_id`, `filename`, `size`, `metadata`, `created_at`, `updated_at`) VALUES (364, 4, 64, 'application/vnd.triscape.mxs', 235310, '1a21993bf86235bdaf59b272432aaf3da86f61ddded6b7b11d18b44d43030e7e', '1982-08-11 12:51:24', '1970-12-09 01:54:17');
INSERT INTO `media` (`id`, `media_type_id`, `user_id`, `filename`, `size`, `metadata`, `created_at`, `updated_at`) VALUES (365, 5, 65, 'application/x-chat', 967, '594aa9c68b7d68309d603e41f1523df46efbeaf0802a05997075a4d22c450cc0', '2011-06-17 22:17:07', '1977-03-22 04:40:24');
INSERT INTO `media` (`id`, `media_type_id`, `user_id`, `filename`, `size`, `metadata`, `created_at`, `updated_at`) VALUES (366, 1, 66, 'application/vnd.pvi.ptid1', 85, '78e2b3fceb91e63d5699ab42c182dfba00f4f56b099cdd5fab5c80447f217664', '1990-06-02 12:11:05', '2015-09-25 16:01:57');
INSERT INTO `media` (`id`, `media_type_id`, `user_id`, `filename`, `size`, `metadata`, `created_at`, `updated_at`) VALUES (367, 2, 67, 'text/vnd.in3d.3dml', 366, '2bb6e1184c98253f09c523e1cbfc09e34a2b7893e702572dca94ce214cab71ff', '1985-04-24 09:35:17', '2001-12-23 17:42:18');
INSERT INTO `media` (`id`, `media_type_id`, `user_id`, `filename`, `size`, `metadata`, `created_at`, `updated_at`) VALUES (368, 3, 68, 'application/vnd.ms-project', 372, '5c0883496ce406d653afc72b1e54e02397e47a62f3ebabfe73b55d278ded6e5d', '2014-07-26 21:14:54', '1980-05-29 01:53:39');
INSERT INTO `media` (`id`, `media_type_id`, `user_id`, `filename`, `size`, `metadata`, `created_at`, `updated_at`) VALUES (369, 4, 69, 'application/x-hdf', 985057, '4f0205fe773fa086b9aa7e2b58d184395dd7575642813f1dd31254356f83bbe2', '1999-03-29 11:07:46', '1990-07-29 22:15:48');
INSERT INTO `media` (`id`, `media_type_id`, `user_id`, `filename`, `size`, `metadata`, `created_at`, `updated_at`) VALUES (370, 5, 70, 'text/x-java-source', 15, 'f16ad64d17ae63ba08ed7729f11dbf270820ada8d0ff02b040729acb83670262', '1981-08-05 06:11:56', '2000-09-26 02:06:52');
INSERT INTO `media` (`id`, `media_type_id`, `user_id`, `filename`, `size`, `metadata`, `created_at`, `updated_at`) VALUES (371, 1, 71, 'image/x-portable-graymap', 70, 'd48ff7ebc4fbb0b0c8f7bcb9bc408d8a6cd9e18e3fd8a03b50aaab24a8c78bab', '2017-07-06 23:34:38', '1977-02-08 12:51:46');
INSERT INTO `media` (`id`, `media_type_id`, `user_id`, `filename`, `size`, `metadata`, `created_at`, `updated_at`) VALUES (372, 2, 72, 'application/vnd.sema', 5, '84a8b9fe40a9c8f2d8ae7409935c39f7e47475d7c444b74323cb6e14bd6160de', '1995-07-21 22:27:59', '1980-06-22 08:16:08');
INSERT INTO `media` (`id`, `media_type_id`, `user_id`, `filename`, `size`, `metadata`, `created_at`, `updated_at`) VALUES (373, 3, 73, 'text/plain', 61172, 'a6ffd92eb2401c5bd7869a994d96ca246a4c59fc62a4ef24f0a16bb824368c54', '1974-11-03 02:16:59', '2004-06-16 04:46:11');
INSERT INTO `media` (`id`, `media_type_id`, `user_id`, `filename`, `size`, `metadata`, `created_at`, `updated_at`) VALUES (374, 4, 74, 'application/x-freearc', 9, '978fa840e57636cefb697132ec7cf24f1b72d5af8e9d4d22c1e1ed8df6398a34', '1990-10-16 23:37:15', '1989-08-05 13:14:36');
INSERT INTO `media` (`id`, `media_type_id`, `user_id`, `filename`, `size`, `metadata`, `created_at`, `updated_at`) VALUES (375, 5, 75, 'application/vnd.route66.link66+xml', 305751814, '945ff9a9115838de63b27bdd6e15961827f5f8e6f8dfc5b8d0f6ad27a65dd808', '1976-12-17 21:33:39', '1979-03-23 17:47:06');
INSERT INTO `media` (`id`, `media_type_id`, `user_id`, `filename`, `size`, `metadata`, `created_at`, `updated_at`) VALUES (376, 1, 76, 'image/vnd.fujixerox.edmics-rlc', 2234, '6a9dab20f567f3c65d5f8f5fb79bb3040b8d04ac168becd15fce4cd9bb04d0e4', '1986-06-03 07:39:14', '1985-02-04 01:23:32');
INSERT INTO `media` (`id`, `media_type_id`, `user_id`, `filename`, `size`, `metadata`, `created_at`, `updated_at`) VALUES (377, 2, 77, 'application/vnd.trueapp', 27027, '78cb1284b2353a82bcf6eac7688db0d8bd8cd18752010789b0d6f63815d65dc7', '1989-12-06 10:50:20', '1996-10-10 12:43:21');
INSERT INTO `media` (`id`, `media_type_id`, `user_id`, `filename`, `size`, `metadata`, `created_at`, `updated_at`) VALUES (378, 3, 78, 'text/vnd.fmi.flexstor', 5161476, 'ca7314299d30e14f4bce50cdd917d379ccec5283c639438679b041e0f60a07cb', '1982-12-29 21:34:59', '2006-08-21 08:40:26');
INSERT INTO `media` (`id`, `media_type_id`, `user_id`, `filename`, `size`, `metadata`, `created_at`, `updated_at`) VALUES (379, 4, 79, 'application/vnd.ms-excel.template.macroenabled.12', 9577, 'a6ecf05dea86a30a73df1a1b3fc96b568688b73d309a2c7754e8ce24e4130f72', '1988-03-20 07:58:09', '1992-05-09 15:37:31');
INSERT INTO `media` (`id`, `media_type_id`, `user_id`, `filename`, `size`, `metadata`, `created_at`, `updated_at`) VALUES (380, 5, 80, 'text/x-vcalendar', 866286, '7bcd181b12fd3ef298ae79da2e79c9678c417c0519c8c809b5b9af77abebdfef', '2011-07-02 21:27:39', '2011-09-02 20:07:05');
INSERT INTO `media` (`id`, `media_type_id`, `user_id`, `filename`, `size`, `metadata`, `created_at`, `updated_at`) VALUES (381, 1, 81, 'video/vnd.dece.mobile', 2642005, '7988c863f1ad6e5f252469fee2ad64c2bd25a9eaaaa09f60058a988733b946bf', '2003-07-13 12:49:14', '1982-01-18 21:10:24');
INSERT INTO `media` (`id`, `media_type_id`, `user_id`, `filename`, `size`, `metadata`, `created_at`, `updated_at`) VALUES (382, 2, 82, 'video/x-ms-wmv', 87905, 'daaa7df2d7916455b45ce6cb05255cebe3e31b523c7b453cf2544a79a17c9ae6', '1982-06-12 16:13:20', '1970-07-16 00:44:29');
INSERT INTO `media` (`id`, `media_type_id`, `user_id`, `filename`, `size`, `metadata`, `created_at`, `updated_at`) VALUES (383, 3, 83, 'application/vnd.ms-ims', 0, 'a46cdada33e3c63f85835962f7f733b667b40afb8c0895e52619b150a6b59670', '2011-04-13 13:04:26', '1976-05-16 17:30:31');
INSERT INTO `media` (`id`, `media_type_id`, `user_id`, `filename`, `size`, `metadata`, `created_at`, `updated_at`) VALUES (384, 4, 84, 'text/x-sfv', 426, '756589f62db314c27a8d0c8ffbf1c1df0d8f551fc4b767ad4886a446bc128641', '1984-03-21 06:34:13', '1991-12-21 13:33:24');
INSERT INTO `media` (`id`, `media_type_id`, `user_id`, `filename`, `size`, `metadata`, `created_at`, `updated_at`) VALUES (385, 5, 85, 'text/x-sfv', 3579, '0f20e7530d0dc5a978d638cf1c1841c64462a6d0d00b0643ef882f59dc0398b6', '1999-11-30 07:10:34', '1970-11-01 09:43:40');
INSERT INTO `media` (`id`, `media_type_id`, `user_id`, `filename`, `size`, `metadata`, `created_at`, `updated_at`) VALUES (386, 1, 86, 'application/x-ms-wmz', 85005, '0126ece955a6dcfa9c860443cefadd01c69220f3e9ad8923bde5417ebcc0560f', '2001-09-07 09:52:09', '1972-09-16 10:58:45');
INSERT INTO `media` (`id`, `media_type_id`, `user_id`, `filename`, `size`, `metadata`, `created_at`, `updated_at`) VALUES (387, 2, 87, 'application/vnd.xara', 6646, 'c2b4a697e3e35a87c319dada19c3f5538301b4a9910d24408b0372e1f0996ef4', '2005-05-12 02:47:37', '1994-12-23 01:01:14');
INSERT INTO `media` (`id`, `media_type_id`, `user_id`, `filename`, `size`, `metadata`, `created_at`, `updated_at`) VALUES (388, 3, 88, 'application/vnd.oasis.opendocument.database', 37352569, '53a8c993393c93fda7397a7c9491778e114320be271178866b807cce66a6b3d9', '2009-11-05 03:55:58', '1988-11-20 11:03:02');
INSERT INTO `media` (`id`, `media_type_id`, `user_id`, `filename`, `size`, `metadata`, `created_at`, `updated_at`) VALUES (389, 4, 89, 'text/vnd.curl.mcurl', 568715726, '1b37b0e5d3d2e315f7608e28657962a326ef03a3c98c55db1f4997e64cb5cf0b', '1977-09-10 22:48:12', '1986-05-31 01:37:40');
INSERT INTO `media` (`id`, `media_type_id`, `user_id`, `filename`, `size`, `metadata`, `created_at`, `updated_at`) VALUES (390, 5, 90, 'application/x-ustar', 19, 'd01317c342b9435f7049d69a17de25b5ef19ba1b47b7c72425ea5b476577308d', '2015-08-09 04:22:48', '2006-08-21 12:24:36');
INSERT INTO `media` (`id`, `media_type_id`, `user_id`, `filename`, `size`, `metadata`, `created_at`, `updated_at`) VALUES (391, 1, 91, 'application/vnd.ms-powerpoint.presentation.macroenabled.12', 0, '5ef1b7bfc64f0f3c4e8273e5d61e3e4a2f5f79a10d55f279469ceadc33f81130', '1972-06-22 05:14:30', '2012-04-18 10:13:03');
INSERT INTO `media` (`id`, `media_type_id`, `user_id`, `filename`, `size`, `metadata`, `created_at`, `updated_at`) VALUES (392, 2, 92, 'application/x-xliff+xml', 0, 'ec4cd26c89ca2c713fae286056f7846e7c6d11befa0d1da5cc5a5b94ed790bb4', '1995-11-19 10:43:02', '1985-05-13 20:38:44');
INSERT INTO `media` (`id`, `media_type_id`, `user_id`, `filename`, `size`, `metadata`, `created_at`, `updated_at`) VALUES (393, 3, 93, 'application/vnd.ms-project', 3594, 'e09adb1b4b9fe4b0d07a4c0aa6b90f258a1281eca0a702a418de77ff7992e7f4', '1980-02-23 02:28:11', '2018-04-15 21:50:17');
INSERT INTO `media` (`id`, `media_type_id`, `user_id`, `filename`, `size`, `metadata`, `created_at`, `updated_at`) VALUES (394, 4, 94, 'text/x-fortran', 454670, '0136afdff1b42e978668423178ab96b1a483931759f6ef50e4a85430dee55d06', '1997-04-11 23:49:52', '1985-02-06 17:44:53');
INSERT INTO `media` (`id`, `media_type_id`, `user_id`, `filename`, `size`, `metadata`, `created_at`, `updated_at`) VALUES (395, 5, 95, 'application/vnd.pvi.ptid1', 339, '5a431fbdbca1dcdabdcd9eb97618f4ac1c4126fa0f3a3e9f68f23d38849e4577', '1998-03-22 01:53:34', '2000-03-24 03:12:43');
INSERT INTO `media` (`id`, `media_type_id`, `user_id`, `filename`, `size`, `metadata`, `created_at`, `updated_at`) VALUES (396, 1, 96, 'application/vnd.trueapp', 9709603, '71f8c740cb4f16a4726b156751468f66347710bdffa62391443bb1b16ef2e729', '1976-08-16 10:43:47', '2015-03-06 08:09:13');
INSERT INTO `media` (`id`, `media_type_id`, `user_id`, `filename`, `size`, `metadata`, `created_at`, `updated_at`) VALUES (397, 2, 97, 'video/x-ms-asf', 51, 'e59e6b72d2d5fdc4a5ad9bec7013cc6a7430b6777229e88c22edf134d88940f0', '1980-10-14 21:29:25', '1982-02-28 23:56:37');
INSERT INTO `media` (`id`, `media_type_id`, `user_id`, `filename`, `size`, `metadata`, `created_at`, `updated_at`) VALUES (398, 3, 98, 'application/x-sh', 3855098, 'd7005a9716e981cbfbba73eab20f5d8ce66a53c8a24bad815dc4ddf72463abf9', '1982-04-25 20:25:03', '1975-06-08 12:36:42');
INSERT INTO `media` (`id`, `media_type_id`, `user_id`, `filename`, `size`, `metadata`, `created_at`, `updated_at`) VALUES (399, 4, 99, 'application/vnd.enliven', 413321, 'e4ce3dfb8b3d66da15baeea083a7ccd0ef09903cf028605c21e61f8bfd2ec0b1', '1999-11-17 18:27:41', '1979-06-22 07:09:41');
INSERT INTO `media` (`id`, `media_type_id`, `user_id`, `filename`, `size`, `metadata`, `created_at`, `updated_at`) VALUES (400, 5, 100, 'application/x-sql', 15073, 'ffbbdfa39e80b84d1136a785e2fd5f0629025c605c71a5490f2dea2ec0294083', '1972-09-21 03:01:20', '1975-03-18 11:07:44');
INSERT INTO `media` (`id`, `media_type_id`, `user_id`, `filename`, `size`, `metadata`, `created_at`, `updated_at`) VALUES (401, 1, 1, 'application/vnd.denovo.fcselayout-link', 4, 'd3b9273b10715855d905bf1fdf449c1b8f761e83fac1e7bc078876b71cd3be6a', '1985-06-17 17:39:35', '2001-03-20 04:45:58');
INSERT INTO `media` (`id`, `media_type_id`, `user_id`, `filename`, `size`, `metadata`, `created_at`, `updated_at`) VALUES (402, 2, 2, 'video/vnd.dece.hd', 0, 'f5f6f2112d2f53d78242f1acb992154468174af36f12ac543721d050dcbe1eea', '1993-10-23 17:04:24', '1989-08-08 02:21:53');
INSERT INTO `media` (`id`, `media_type_id`, `user_id`, `filename`, `size`, `metadata`, `created_at`, `updated_at`) VALUES (403, 3, 3, 'application/vnd.sun.xml.calc.template', 49, '61228ac678014cf574539dda4e0dee57a789b5fbe824fc1d98ba1a8009a7099b', '1994-12-16 14:26:15', '2011-02-06 16:34:23');
INSERT INTO `media` (`id`, `media_type_id`, `user_id`, `filename`, `size`, `metadata`, `created_at`, `updated_at`) VALUES (404, 4, 4, 'text/x-java-source', 451357, '5c0b4a0f7ae105bab2eebe2ca91d7720e9e105028e8c7b570340e730f6fbb419', '1983-08-23 18:55:42', '1974-07-28 15:47:16');
INSERT INTO `media` (`id`, `media_type_id`, `user_id`, `filename`, `size`, `metadata`, `created_at`, `updated_at`) VALUES (405, 5, 5, 'application/rss+xml', 3, '445309ee5946547da7b966adac821286aec4359ae4fbd42e91988b7ee1d9a09f', '1997-01-26 05:56:33', '2014-05-31 23:23:16');
INSERT INTO `media` (`id`, `media_type_id`, `user_id`, `filename`, `size`, `metadata`, `created_at`, `updated_at`) VALUES (406, 1, 6, 'text/x-setext', 60320490, '694bbf3a2fdc01cc2f9c4aba270245dd2590e2c7bc3352426082b3493d9039e4', '2004-12-29 22:12:18', '2016-06-23 04:43:05');
INSERT INTO `media` (`id`, `media_type_id`, `user_id`, `filename`, `size`, `metadata`, `created_at`, `updated_at`) VALUES (407, 2, 7, 'text/sgml', 401350, '72915103420b13a9dfa4cce8589cb91ceba139140d592c11d534fe82f409bbec', '2003-12-22 23:33:43', '1972-11-26 18:12:07');
INSERT INTO `media` (`id`, `media_type_id`, `user_id`, `filename`, `size`, `metadata`, `created_at`, `updated_at`) VALUES (408, 3, 8, 'application/vnd.openofficeorg.extension', 3, '4e6b8441268584a6946ccdfb97c71ea531d0bf12ae30db1dd2f666c48c0d3951', '2018-11-09 02:21:15', '2008-03-11 06:02:08');
INSERT INTO `media` (`id`, `media_type_id`, `user_id`, `filename`, `size`, `metadata`, `created_at`, `updated_at`) VALUES (409, 4, 9, 'application/vnd.igloader', 620711188, 'dbb344ff82df9e8bc811d920789fdd977cc82897f692eff926437b6720a9977a', '1999-02-17 10:43:58', '2006-05-12 19:02:49');
INSERT INTO `media` (`id`, `media_type_id`, `user_id`, `filename`, `size`, `metadata`, `created_at`, `updated_at`) VALUES (410, 5, 10, 'image/x-rgb', 29156, 'fc2084506ce9138456f93fab37bd067442f8e1940aa7cfe78a977bede654cd45', '2013-12-19 12:24:21', '2013-06-30 14:07:40');
INSERT INTO `media` (`id`, `media_type_id`, `user_id`, `filename`, `size`, `metadata`, `created_at`, `updated_at`) VALUES (411, 1, 11, 'application/pkixcmp', 0, 'e6f7973de4f53bf753d8395aecac565356d771b3d46dbb833dc8376cebb31203', '1981-01-22 18:23:05', '2018-09-30 11:39:17');
INSERT INTO `media` (`id`, `media_type_id`, `user_id`, `filename`, `size`, `metadata`, `created_at`, `updated_at`) VALUES (412, 2, 12, 'video/vnd.uvvu.mp4', 2, '811c330c7b300e62910378ebb1ec67f9ac813f060176dd32ab7951d3519b838b', '1972-06-23 05:32:00', '1985-05-28 22:39:47');
INSERT INTO `media` (`id`, `media_type_id`, `user_id`, `filename`, `size`, `metadata`, `created_at`, `updated_at`) VALUES (413, 3, 13, 'text/vnd.wap.wml', 652980, '65b31bf23c8000363d4a635d19dc11695c3ea03dbd384da25523b3b646814e8f', '1975-02-22 13:49:49', '1970-06-01 01:22:53');
INSERT INTO `media` (`id`, `media_type_id`, `user_id`, `filename`, `size`, `metadata`, `created_at`, `updated_at`) VALUES (414, 4, 14, 'image/x-rgb', 254802, '8c722c14bfb6cfdaaf4fe8fbd5163b08bf349b8f8213d986dd54676ead191308', '1983-03-06 09:03:35', '1995-12-03 11:03:39');
INSERT INTO `media` (`id`, `media_type_id`, `user_id`, `filename`, `size`, `metadata`, `created_at`, `updated_at`) VALUES (415, 5, 15, 'application/vnd.dece.zip', 9845, '27a19f73e0a218b54281339cbf816ed8eb6622e78df1b1bc4a43432d069e0e2f', '1976-01-23 09:33:19', '1992-05-01 22:00:33');
INSERT INTO `media` (`id`, `media_type_id`, `user_id`, `filename`, `size`, `metadata`, `created_at`, `updated_at`) VALUES (416, 1, 16, 'application/jsonml+json', 6093, '5fc7b82dda77d633e06d9d986a9c6bc3ed1e17188423a18fd59f7b13f3706339', '1971-02-11 12:14:34', '1983-01-01 06:04:27');
INSERT INTO `media` (`id`, `media_type_id`, `user_id`, `filename`, `size`, `metadata`, `created_at`, `updated_at`) VALUES (417, 2, 17, 'application/voicexml+xml', 8852, '16c1c92c0bdba8c80e97a3f0160cc4f7407427157303abb2c3a79b615b13b363', '2006-09-14 06:00:15', '1981-08-28 20:42:32');
INSERT INTO `media` (`id`, `media_type_id`, `user_id`, `filename`, `size`, `metadata`, `created_at`, `updated_at`) VALUES (418, 3, 18, 'application/mp4', 18442060, '901ae23094ce071bcc1f5723b821733df8e090e68cb93885958f4e36cfcd234a', '1974-01-14 14:45:40', '1995-08-14 07:19:43');
INSERT INTO `media` (`id`, `media_type_id`, `user_id`, `filename`, `size`, `metadata`, `created_at`, `updated_at`) VALUES (419, 4, 19, 'application/vnd.sun.xml.draw', 0, '1a639fb62afc5b04047cd889c5626903d2146929ccb0ae3635fcb87b36241574', '1985-11-23 16:16:35', '1993-10-02 23:37:20');
INSERT INTO `media` (`id`, `media_type_id`, `user_id`, `filename`, `size`, `metadata`, `created_at`, `updated_at`) VALUES (420, 5, 20, 'application/x-ms-xbap', 8829, 'cf3110b772ff2585769d83583251857961a1bda43a00f53c3d86580fcce4b98b', '1971-10-12 06:12:45', '2007-12-20 02:51:38');
INSERT INTO `media` (`id`, `media_type_id`, `user_id`, `filename`, `size`, `metadata`, `created_at`, `updated_at`) VALUES (421, 1, 21, 'application/vnd.igloader', 0, '0224213528309a6a901c9a80c2f37ec9c0e4c5f64720e262205ef0fea5b2a60a', '1981-03-28 19:21:36', '1990-11-20 13:58:23');
INSERT INTO `media` (`id`, `media_type_id`, `user_id`, `filename`, `size`, `metadata`, `created_at`, `updated_at`) VALUES (422, 2, 22, 'application/vnd.ms-xpsdocument', 64672090, '2a3d3744325bc6b541e73a6f10f797b5360e847a5669c056c6369ac71a2bd4ac', '1982-08-06 06:37:31', '1987-11-06 03:55:24');
INSERT INTO `media` (`id`, `media_type_id`, `user_id`, `filename`, `size`, `metadata`, `created_at`, `updated_at`) VALUES (423, 3, 23, 'application/vnd.dpgraph', 2, 'a350a76ed10c7734a9864512d6d59e6d0c241d1c2bcb5649d60ffaab87e3c650', '1992-02-17 13:44:34', '1983-10-28 15:39:41');
INSERT INTO `media` (`id`, `media_type_id`, `user_id`, `filename`, `size`, `metadata`, `created_at`, `updated_at`) VALUES (424, 4, 24, 'application/vnd.epson.quickanime', 766747233, '034e6691de53d2549afae0826cd1969aa8507acf483fa8d0c14626f9408cb1b7', '2017-01-13 19:33:04', '1995-02-26 09:53:40');
INSERT INTO `media` (`id`, `media_type_id`, `user_id`, `filename`, `size`, `metadata`, `created_at`, `updated_at`) VALUES (425, 5, 25, 'application/x-subrip', 26480786, '64b121045ac61fcd06cf0cb7862ae52e2b4d94239774c39ace7fa1f7639e4883', '2008-05-07 21:08:33', '2007-06-15 06:17:18');
INSERT INTO `media` (`id`, `media_type_id`, `user_id`, `filename`, `size`, `metadata`, `created_at`, `updated_at`) VALUES (426, 1, 26, 'application/java-archive', 527, '15e56707ffa3b90f4802d83e1a64a9a3cb74d5b03a8d4c043ad9b61df877d966', '1971-06-16 13:00:43', '1986-08-18 02:57:00');
INSERT INTO `media` (`id`, `media_type_id`, `user_id`, `filename`, `size`, `metadata`, `created_at`, `updated_at`) VALUES (427, 2, 27, 'image/x-tga', 80, '6d2f33ac966fa6ae8fde2d79d8e05a0816107be2293bd049ac5851a759e36698', '2006-10-02 07:45:58', '2010-09-27 05:22:44');
INSERT INTO `media` (`id`, `media_type_id`, `user_id`, `filename`, `size`, `metadata`, `created_at`, `updated_at`) VALUES (428, 3, 28, 'text/css', 932, 'e5a41b6a336658029045798de713274ccb6b1ff8f3926b1070911a2adf090853', '2010-07-09 20:21:49', '2007-01-27 19:34:34');
INSERT INTO `media` (`id`, `media_type_id`, `user_id`, `filename`, `size`, `metadata`, `created_at`, `updated_at`) VALUES (429, 4, 29, 'application/vnd.oasis.opendocument.graphics', 67995137, '370c46953f55df780e9514bf6d632213681a94f6256e0502d1fac8f255bce3ba', '2016-05-22 10:39:29', '1999-07-21 19:21:26');
INSERT INTO `media` (`id`, `media_type_id`, `user_id`, `filename`, `size`, `metadata`, `created_at`, `updated_at`) VALUES (430, 5, 30, 'application/omdoc+xml', 77056, 'e70caf6fd6644afe762d9ffd738c33d730b1164a6b13a99518105a1817056a4c', '2002-04-03 03:11:02', '1988-09-19 13:30:19');
INSERT INTO `media` (`id`, `media_type_id`, `user_id`, `filename`, `size`, `metadata`, `created_at`, `updated_at`) VALUES (431, 1, 31, 'application/vnd.seemail', 851486, '575e032bc449bfd38323270a550dedf2c1db750e740fb01b01cb13f0a54073d3', '2004-02-06 18:50:52', '1991-06-07 09:27:11');
INSERT INTO `media` (`id`, `media_type_id`, `user_id`, `filename`, `size`, `metadata`, `created_at`, `updated_at`) VALUES (432, 2, 32, 'application/vnd.dna', 0, 'b383922febf688222e50cbda36994c0c9d901490f0e46e60c58b5dbe39976cfb', '2000-05-25 03:12:51', '1988-03-11 19:27:59');
INSERT INTO `media` (`id`, `media_type_id`, `user_id`, `filename`, `size`, `metadata`, `created_at`, `updated_at`) VALUES (433, 3, 33, 'text/x-nfo', 61, '230bfad41a2122cd5bdbbeee9bf16aa2945da2150b2c8ba7df0aa91e1b6594fb', '2012-01-08 04:36:41', '1992-01-11 17:04:11');
INSERT INTO `media` (`id`, `media_type_id`, `user_id`, `filename`, `size`, `metadata`, `created_at`, `updated_at`) VALUES (434, 4, 34, 'application/xslt+xml', 6239825, 'a1fa68e27592ebdd7367e62803dae506c15d42d9122df5c968b10461cdb3c7f1', '1975-01-24 19:13:44', '1992-06-12 20:44:49');
INSERT INTO `media` (`id`, `media_type_id`, `user_id`, `filename`, `size`, `metadata`, `created_at`, `updated_at`) VALUES (435, 5, 35, 'image/gif', 4, '3e19ff9e0210ef6469e04f0d65e9a14e24a22fc93fae7768a4b65a7f5028683f', '1971-07-14 18:39:24', '1999-07-02 15:21:46');
INSERT INTO `media` (`id`, `media_type_id`, `user_id`, `filename`, `size`, `metadata`, `created_at`, `updated_at`) VALUES (436, 1, 36, 'video/x-ms-wmv', 4, '56d47a2a9531e459a7d1e568a2a1bf0539448a6760d2e909e32b8c85e4c64806', '1996-11-04 19:00:19', '1984-08-05 00:00:57');
INSERT INTO `media` (`id`, `media_type_id`, `user_id`, `filename`, `size`, `metadata`, `created_at`, `updated_at`) VALUES (437, 2, 37, 'application/x-lzh-compressed', 11, '43a75bff0fcd938c2ba96830af1ccf3117b8086a584acd2218a16f160064940b', '2016-12-29 02:48:56', '1972-07-27 02:42:02');
INSERT INTO `media` (`id`, `media_type_id`, `user_id`, `filename`, `size`, `metadata`, `created_at`, `updated_at`) VALUES (438, 3, 38, 'application/xcap-diff+xml', 4, 'e8eac70d4808694ee43bc728937d9fdf1fbd8536e8c9cfd977dc94ee2e8be9d9', '1987-11-04 20:28:51', '2004-11-16 02:23:41');
INSERT INTO `media` (`id`, `media_type_id`, `user_id`, `filename`, `size`, `metadata`, `created_at`, `updated_at`) VALUES (439, 4, 39, 'application/vnd.lotus-screencam', 98305928, 'a08e24a83819c51305ec65ca691a5e1f47527dc883e09e9bb2cfa3516c1ebd78', '1984-09-26 17:19:55', '1979-04-02 23:37:42');
INSERT INTO `media` (`id`, `media_type_id`, `user_id`, `filename`, `size`, `metadata`, `created_at`, `updated_at`) VALUES (440, 5, 40, 'application/x-shar', 48789445, '0076e39b4f03b9b6403923b7b6f50f0b0aed49adebdf08a6c716adbd9b355e72', '1973-09-04 20:31:52', '1970-01-18 21:39:37');
INSERT INTO `media` (`id`, `media_type_id`, `user_id`, `filename`, `size`, `metadata`, `created_at`, `updated_at`) VALUES (441, 1, 41, 'application/x-gramps-xml', 346, '1636f59e003a0b275470e565317891d23e1e7d4250e16658ed1d15aa4e400dcf', '2018-03-27 07:06:34', '1994-06-10 06:32:57');
INSERT INTO `media` (`id`, `media_type_id`, `user_id`, `filename`, `size`, `metadata`, `created_at`, `updated_at`) VALUES (442, 2, 42, 'application/vnd.las.las+xml', 7, '2b67446f870f2bb8d96e89924d76542d281349ffdb1d88ce2ce34168acc81b15', '1971-02-21 22:15:42', '1994-04-20 02:13:21');
INSERT INTO `media` (`id`, `media_type_id`, `user_id`, `filename`, `size`, `metadata`, `created_at`, `updated_at`) VALUES (443, 3, 43, 'application/x-cpio', 520, 'ec75254fac4088d2f4e1e1c95f5d89220a0870862fb169cabf71d6c25f126b18', '1970-05-31 01:54:27', '1998-02-19 21:04:31');
INSERT INTO `media` (`id`, `media_type_id`, `user_id`, `filename`, `size`, `metadata`, `created_at`, `updated_at`) VALUES (444, 4, 44, 'application/vnd.openxmlformats-officedocument.spreadsheetml.template', 4998, '1cb147ed2452980b3cf6f2c2a84606cda0e25ec1536a3ac7b20a088ca3d2bec1', '2018-09-25 18:31:58', '1977-01-20 05:32:39');
INSERT INTO `media` (`id`, `media_type_id`, `user_id`, `filename`, `size`, `metadata`, `created_at`, `updated_at`) VALUES (445, 5, 45, 'application/pkixcmp', 928940, '26ae7c55464f8aa306ffe609288c536bbbab879f287081d068dbc2c6a36a7612', '2014-09-21 03:39:40', '2015-09-19 11:56:36');
INSERT INTO `media` (`id`, `media_type_id`, `user_id`, `filename`, `size`, `metadata`, `created_at`, `updated_at`) VALUES (446, 1, 46, 'application/wsdl+xml', 0, '982bde2ec7e351ebf823c9a7a37fb3261b4b287cb345e086617374bd42da2581', '2017-09-26 22:51:24', '1971-12-01 10:33:10');
INSERT INTO `media` (`id`, `media_type_id`, `user_id`, `filename`, `size`, `metadata`, `created_at`, `updated_at`) VALUES (447, 2, 47, 'application/sbml+xml', 9719, '17082782fafc24ed672382266c27c11881c3afbca0e65fb8b1f51615211c0803', '1975-03-29 04:34:26', '1999-12-17 06:53:02');
INSERT INTO `media` (`id`, `media_type_id`, `user_id`, `filename`, `size`, `metadata`, `created_at`, `updated_at`) VALUES (448, 3, 48, 'application/vnd.rig.cryptonote', 50988, 'be2a1ea1944066f41694a96c122fc97af588aea1c86189970694629ec172b024', '1989-01-18 22:24:37', '1990-09-11 00:24:55');
INSERT INTO `media` (`id`, `media_type_id`, `user_id`, `filename`, `size`, `metadata`, `created_at`, `updated_at`) VALUES (449, 4, 49, 'video/vnd.dece.pd', 85078654, 'd402e093c705b0fda6818401ba5c7c00b022348b275cb23a21ebad3d6668b247', '1985-03-25 12:45:50', '1980-07-16 14:22:32');
INSERT INTO `media` (`id`, `media_type_id`, `user_id`, `filename`, `size`, `metadata`, `created_at`, `updated_at`) VALUES (450, 5, 50, 'application/vnd.oasis.opendocument.formula', 241150650, 'f0727d8463a5e5341925876aa5c478b228d11a084842874ed07ff6e7776a6675', '2018-06-25 18:18:27', '1993-06-03 23:14:09');
INSERT INTO `media` (`id`, `media_type_id`, `user_id`, `filename`, `size`, `metadata`, `created_at`, `updated_at`) VALUES (451, 1, 51, 'application/vnd.oasis.opendocument.text', 6, 'bcf087c4f56bb8ac63a91f33665bc37c956704efce26a7e95a8fd47d8b531311', '2005-05-19 11:52:51', '1984-06-30 07:46:52');
INSERT INTO `media` (`id`, `media_type_id`, `user_id`, `filename`, `size`, `metadata`, `created_at`, `updated_at`) VALUES (452, 2, 52, 'text/vnd.fmi.flexstor', 9, 'daf585706173ab81756a5dc5ce368dd173cca3c4e40a85935098a1c74169d37b', '2015-04-27 11:27:44', '2005-11-25 22:09:31');
INSERT INTO `media` (`id`, `media_type_id`, `user_id`, `filename`, `size`, `metadata`, `created_at`, `updated_at`) VALUES (453, 3, 53, 'application/x-msclip', 5963, 'a7aaaf198e109904232ffdde174ab7867dfcd99915948fc1d38d12e92bdb71bd', '1989-04-18 01:38:39', '1989-05-29 15:06:16');
INSERT INTO `media` (`id`, `media_type_id`, `user_id`, `filename`, `size`, `metadata`, `created_at`, `updated_at`) VALUES (454, 4, 54, 'text/vnd.in3d.spot', 31804035, 'afbaae2317fd833cb9424d6ef00d8d30cdaa882c0f16030ff1309e375323eb48', '2000-04-24 19:31:56', '2004-09-24 20:10:47');
INSERT INTO `media` (`id`, `media_type_id`, `user_id`, `filename`, `size`, `metadata`, `created_at`, `updated_at`) VALUES (455, 5, 55, 'application/vnd.sun.xml.writer.global', 1671, 'd7bf589f52ed073276c216edba337df9d94f10f80649ec7332e8d06cc3e17041', '1973-07-02 16:13:15', '1983-04-19 03:39:28');
INSERT INTO `media` (`id`, `media_type_id`, `user_id`, `filename`, `size`, `metadata`, `created_at`, `updated_at`) VALUES (456, 1, 56, 'video/x-ms-wvx', 4017667, '58b32421212b31ab1b691fe583dbd72df1e0a0a6b70ce297fd18716138d7fae7', '1994-02-20 04:28:43', '1995-08-08 14:37:38');
INSERT INTO `media` (`id`, `media_type_id`, `user_id`, `filename`, `size`, `metadata`, `created_at`, `updated_at`) VALUES (457, 2, 57, 'video/x-msvideo', 264396572, 'c5d4ff1d300f25b0b5ba5dbda8580a70e4eee9fabd1476157c54a4a5d3b353ca', '2010-11-08 11:59:48', '1976-11-10 13:44:44');
INSERT INTO `media` (`id`, `media_type_id`, `user_id`, `filename`, `size`, `metadata`, `created_at`, `updated_at`) VALUES (458, 3, 58, 'application/pgp-signature', 14403527, '2eb697bfe0a15d86a1a56c3db38fc49c521538669d442919fc0549ca70debbf0', '1975-11-14 00:17:39', '2013-09-20 08:04:27');
INSERT INTO `media` (`id`, `media_type_id`, `user_id`, `filename`, `size`, `metadata`, `created_at`, `updated_at`) VALUES (459, 4, 59, 'application/vnd.shana.informed.formdata', 773561560, 'bf89993d98df11872d2cead3c0bd60823cd03f8d41b41fb217db0c09efb5acb3', '1981-09-02 05:19:18', '1997-09-10 00:02:44');
INSERT INTO `media` (`id`, `media_type_id`, `user_id`, `filename`, `size`, `metadata`, `created_at`, `updated_at`) VALUES (460, 5, 60, 'application/x-sv4cpio', 199786, '0a113412ef6b1a8123222473ddfc1cece3d90a14bb3e138072858f403e35eaeb', '1981-12-11 05:57:48', '1977-11-18 08:50:07');
INSERT INTO `media` (`id`, `media_type_id`, `user_id`, `filename`, `size`, `metadata`, `created_at`, `updated_at`) VALUES (461, 1, 61, 'text/vnd.fmi.flexstor', 4502, 'ad4b7375993db3d91526ad70ced537636b1d8d144a49e284108a2900aa52ce30', '2004-08-23 10:32:43', '2007-10-23 11:08:08');
INSERT INTO `media` (`id`, `media_type_id`, `user_id`, `filename`, `size`, `metadata`, `created_at`, `updated_at`) VALUES (462, 2, 62, 'application/vnd.wap.wmlscriptc', 264443, 'f74aed53033a1d9c23453654dbdccdf19684dc8b1d54071394f6531c87e881fc', '1992-07-26 12:12:51', '1997-11-16 08:26:25');
INSERT INTO `media` (`id`, `media_type_id`, `user_id`, `filename`, `size`, `metadata`, `created_at`, `updated_at`) VALUES (463, 3, 63, 'application/vnd.sun.xml.math', 256460, '810b32df1c0713e7fa1d84a61f7b4844f4eadf12493228a3b578591a4475abeb', '2000-01-14 14:24:03', '2011-08-06 12:18:37');
INSERT INTO `media` (`id`, `media_type_id`, `user_id`, `filename`, `size`, `metadata`, `created_at`, `updated_at`) VALUES (464, 4, 64, 'application/vnd.ms-word.template.macroenabled.12', 585720, '16c756300ffc10c6bb79a84a81f9b11c78521c155ca9a3d20ce9d078bc210e04', '1973-12-20 09:43:46', '2003-09-01 19:03:23');
INSERT INTO `media` (`id`, `media_type_id`, `user_id`, `filename`, `size`, `metadata`, `created_at`, `updated_at`) VALUES (465, 5, 65, 'application/vnd.dynageo', 8488039, '72c1b7ac9a06baa41152ee24345aeb1d312dd6b341bc59c6881549cdeee6f5ea', '1972-04-12 08:37:21', '2010-03-03 19:37:45');
INSERT INTO `media` (`id`, `media_type_id`, `user_id`, `filename`, `size`, `metadata`, `created_at`, `updated_at`) VALUES (466, 1, 66, 'application/java-archive', 448588, 'e51e23c79c70f8860cd92d15cf03d2bbe1fad489c8c71eb060602359ccb3b077', '1996-06-01 11:37:05', '2009-07-02 19:03:13');
INSERT INTO `media` (`id`, `media_type_id`, `user_id`, `filename`, `size`, `metadata`, `created_at`, `updated_at`) VALUES (467, 2, 67, 'video/jpm', 847864, '976e74ee536f419d0cfaaa6cc39d96713466e760623257d6f7d5ecbe42df1d14', '1979-03-10 19:21:37', '2014-09-20 04:59:34');
INSERT INTO `media` (`id`, `media_type_id`, `user_id`, `filename`, `size`, `metadata`, `created_at`, `updated_at`) VALUES (468, 3, 68, 'application/vnd.oasis.opendocument.formula', 8, '2b801f4ace8af78627dda50806c3bc8870dc2fa7c03a0389eb21462b68e064d3', '1972-02-09 03:57:54', '1971-05-28 07:35:54');
INSERT INTO `media` (`id`, `media_type_id`, `user_id`, `filename`, `size`, `metadata`, `created_at`, `updated_at`) VALUES (469, 4, 69, 'application/vnd.ms-works', 9, '6f65eccb046cf1cd35d6f24b97d333c7c7636575f4fbb34e19b018af8b80c8da', '1971-09-08 04:31:11', '1973-06-20 16:48:10');
INSERT INTO `media` (`id`, `media_type_id`, `user_id`, `filename`, `size`, `metadata`, `created_at`, `updated_at`) VALUES (470, 5, 70, 'application/vnd.rim.cod', 40056776, 'ea2956cc94512c0986d409351819d40f74cf56e60c0f65ed5c860ffd5a58d59f', '2003-05-13 18:30:36', '1970-12-15 15:36:25');
INSERT INTO `media` (`id`, `media_type_id`, `user_id`, `filename`, `size`, `metadata`, `created_at`, `updated_at`) VALUES (471, 1, 71, 'application/sbml+xml', 249, '5cb8068f35d5f64aa5368407d077d99c0723624c7d1e1e49f0366b6b77e0e9cb', '2011-03-23 10:40:06', '2001-11-11 14:57:01');
INSERT INTO `media` (`id`, `media_type_id`, `user_id`, `filename`, `size`, `metadata`, `created_at`, `updated_at`) VALUES (472, 2, 72, 'model/vnd.gtw', 98, 'd4deb9ea840a501c6413fb96d822a66c85130c600cbc37e17ce8bc2afc05a86e', '2000-12-24 21:14:08', '2002-08-02 11:42:53');
INSERT INTO `media` (`id`, `media_type_id`, `user_id`, `filename`, `size`, `metadata`, `created_at`, `updated_at`) VALUES (473, 3, 73, 'audio/mp4', 3592, '467db85d0c1d7966b393eacd69b4f252902a2cf0fadf57d6883ac57d5f3efffe', '2005-05-27 15:08:51', '1999-04-03 01:57:56');
INSERT INTO `media` (`id`, `media_type_id`, `user_id`, `filename`, `size`, `metadata`, `created_at`, `updated_at`) VALUES (474, 4, 74, 'video/h264', 4459, 'f04bf9b7898e42b8c84c4acdba0fc998d79919ad192ca5ed359b41a050f15f83', '1983-11-25 05:42:30', '1992-10-05 02:04:25');
INSERT INTO `media` (`id`, `media_type_id`, `user_id`, `filename`, `size`, `metadata`, `created_at`, `updated_at`) VALUES (475, 5, 75, 'image/x-cmx', 39, 'b69c277854987cbd53f282f7a27b5f2e54f354492e9f57eda25ac3a117b3a671', '2008-02-18 06:38:51', '2008-08-19 07:52:58');
INSERT INTO `media` (`id`, `media_type_id`, `user_id`, `filename`, `size`, `metadata`, `created_at`, `updated_at`) VALUES (476, 1, 76, 'application/x-ms-wmd', 3385, '9a464171aa51f92dbf3a1e1c75393b3c98fc0530ef40b68dbae687c96ab2f43d', '1996-09-24 11:47:13', '1981-03-30 19:07:08');
INSERT INTO `media` (`id`, `media_type_id`, `user_id`, `filename`, `size`, `metadata`, `created_at`, `updated_at`) VALUES (477, 2, 77, 'application/vnd.quark.quarkxpress', 93, '7b3d9cd954272ecede5eadc0852b3c6d95542528adc607b74b146a0feb2c2a7f', '2011-06-18 09:04:16', '1998-07-21 19:20:00');
INSERT INTO `media` (`id`, `media_type_id`, `user_id`, `filename`, `size`, `metadata`, `created_at`, `updated_at`) VALUES (478, 3, 78, 'text/vnd.fly', 142, '246bb5eb680b32e1a5d8203a339be4e1c260f3ecc75dfa9cbb03a0a5c7e7c7c9', '2000-07-11 05:26:55', '1977-09-12 05:26:57');
INSERT INTO `media` (`id`, `media_type_id`, `user_id`, `filename`, `size`, `metadata`, `created_at`, `updated_at`) VALUES (479, 4, 79, 'audio/x-pn-realaudio-plugin', 10862, 'a5effc9853e42ea7ab149b93cf682ff8239809e01f0f2e0526c3f2f8a760092e', '1977-06-05 14:25:31', '1974-01-15 16:01:27');
INSERT INTO `media` (`id`, `media_type_id`, `user_id`, `filename`, `size`, `metadata`, `created_at`, `updated_at`) VALUES (480, 5, 80, 'application/vnd.epson.salt', 1, 'ab30b2aed001d5f1358e43aadb4c18be3ed71791d9a3e42bdca0d7aab63b646e', '1974-11-04 16:04:52', '1979-06-17 12:48:16');
INSERT INTO `media` (`id`, `media_type_id`, `user_id`, `filename`, `size`, `metadata`, `created_at`, `updated_at`) VALUES (481, 1, 81, 'application/vnd.llamagraphics.life-balance.desktop', 212113, '9277bd561c11cb01346860bec740349e10dafdeadbe51c4738a7c6f5ec663ae7', '1989-04-08 13:31:16', '1983-09-07 18:28:38');
INSERT INTO `media` (`id`, `media_type_id`, `user_id`, `filename`, `size`, `metadata`, `created_at`, `updated_at`) VALUES (482, 2, 82, 'audio/x-aiff', 4, '70f2ef17c8e76b32e64bc93e8776a7bcf1078d63d8c57cc55b275daf78ca2cde', '2016-01-09 10:18:46', '2012-06-04 14:57:33');
INSERT INTO `media` (`id`, `media_type_id`, `user_id`, `filename`, `size`, `metadata`, `created_at`, `updated_at`) VALUES (483, 3, 83, 'application/vnd.unity', 751867, '272d511a2938079e2dbb65bfe68dd37cc78a61386e79c16c75923caa9868b40c', '1997-10-22 03:20:06', '1978-07-16 20:54:20');
INSERT INTO `media` (`id`, `media_type_id`, `user_id`, `filename`, `size`, `metadata`, `created_at`, `updated_at`) VALUES (484, 4, 84, 'application/x-xpinstall', 28, '73ebc1e1264c45c72363c0aceeab57f3a9b0567bad61edfda1941a0d0542afb9', '1983-03-27 17:11:50', '2014-10-05 17:45:51');
INSERT INTO `media` (`id`, `media_type_id`, `user_id`, `filename`, `size`, `metadata`, `created_at`, `updated_at`) VALUES (485, 5, 85, 'image/vnd.fpx', 6418, 'd69b46ac972c281288c812bf9845c7cdda52048e8dd48f88fdf98ded2540e3e4', '2010-04-27 15:42:41', '1972-06-30 02:57:34');
INSERT INTO `media` (`id`, `media_type_id`, `user_id`, `filename`, `size`, `metadata`, `created_at`, `updated_at`) VALUES (486, 1, 86, 'application/sbml+xml', 822792818, '5d5c124596485f4951563110ab5ae2077a2c641fa36d24b24064b576090ce973', '1995-10-24 11:24:03', '2004-01-03 19:32:27');
INSERT INTO `media` (`id`, `media_type_id`, `user_id`, `filename`, `size`, `metadata`, `created_at`, `updated_at`) VALUES (487, 2, 87, 'text/vnd.fmi.flexstor', 0, '38392a689c5b8ef1e3c8f026607dd77dedddaa1ff374701ab244d96c7a677c42', '2019-05-24 09:11:46', '1999-09-09 19:26:47');
INSERT INTO `media` (`id`, `media_type_id`, `user_id`, `filename`, `size`, `metadata`, `created_at`, `updated_at`) VALUES (488, 3, 88, 'application/x-hdf', 4, '1dba85cbdcb13d1ee72be051144a8a386cbf85fc06d63c1f4d8c2e28104978d9', '1982-10-07 07:10:34', '2001-05-01 11:57:24');
INSERT INTO `media` (`id`, `media_type_id`, `user_id`, `filename`, `size`, `metadata`, `created_at`, `updated_at`) VALUES (489, 4, 89, 'video/x-sgi-movie', 5645, '5976db8e6ebe81afac169371051d170706edd4d8a59c46b157c64e343b0cd2af', '2009-01-11 01:44:52', '2010-10-01 23:13:25');
INSERT INTO `media` (`id`, `media_type_id`, `user_id`, `filename`, `size`, `metadata`, `created_at`, `updated_at`) VALUES (490, 5, 90, 'application/vnd.ms-xpsdocument', 2957, '6279f6608cd39a9a9b04084711b7c1c33a486fc4caa9821496e0c3c70e5ea393', '2013-08-30 08:14:46', '2016-02-24 20:41:40');
INSERT INTO `media` (`id`, `media_type_id`, `user_id`, `filename`, `size`, `metadata`, `created_at`, `updated_at`) VALUES (491, 1, 91, 'video/mp4', 1733, '63bab4547811d010b44150dc808eb740bd6abb6f8760f199c955b9235fc3502b', '2007-06-10 15:19:26', '2005-10-27 19:48:00');
INSERT INTO `media` (`id`, `media_type_id`, `user_id`, `filename`, `size`, `metadata`, `created_at`, `updated_at`) VALUES (492, 2, 92, 'application/vnd.kde.kchart', 46, 'cf0dcf6952af4ad323ff402a66feba528bb062ef20cd70dbb503286dfb297f65', '2007-08-29 10:07:56', '1989-01-28 19:40:10');
INSERT INTO `media` (`id`, `media_type_id`, `user_id`, `filename`, `size`, `metadata`, `created_at`, `updated_at`) VALUES (493, 3, 93, 'application/vnd.semd', 56514, '2a082f8666b277e9b6d9f620ba5387b51f2acf93fb9d70a570074d54f2c6bd0b', '1973-12-25 22:04:29', '2003-10-19 08:31:23');
INSERT INTO `media` (`id`, `media_type_id`, `user_id`, `filename`, `size`, `metadata`, `created_at`, `updated_at`) VALUES (494, 4, 94, 'application/vnd.svd', 555311, 'e1bc96af2ed83ae811d6edfc5182ef033c79841b58a9b58d1bbc3a3b2bd1a206', '1977-07-07 13:13:20', '1999-06-20 01:27:01');
INSERT INTO `media` (`id`, `media_type_id`, `user_id`, `filename`, `size`, `metadata`, `created_at`, `updated_at`) VALUES (495, 5, 95, 'application/vnd.olpc-sugar', 6, '9d07dccb138385e31f3dadace3be6eb4c6714adbd6c411a2ba68cba3d0d12f6f', '1993-06-15 00:30:57', '1974-03-22 12:48:29');
INSERT INTO `media` (`id`, `media_type_id`, `user_id`, `filename`, `size`, `metadata`, `created_at`, `updated_at`) VALUES (496, 1, 96, 'application/vnd.epson.ssf', 179495671, 'a212273ffd0f7779bf305f6ef18468a4b5c2e3943fc60c17eab8791bb35d61a8', '1978-06-06 20:36:18', '1977-12-04 17:42:30');
INSERT INTO `media` (`id`, `media_type_id`, `user_id`, `filename`, `size`, `metadata`, `created_at`, `updated_at`) VALUES (497, 2, 97, 'image/vnd.dwg', 5, '2c7ed7f6be6be6b4b5b3e62538039dee8fc272e908d7ee04497b980a31d4ddac', '1973-11-04 01:17:05', '1978-07-28 07:10:24');
INSERT INTO `media` (`id`, `media_type_id`, `user_id`, `filename`, `size`, `metadata`, `created_at`, `updated_at`) VALUES (498, 3, 98, 'application/vnd.ms-works', 43869, 'b0a1419802387a3e325a32e4aa80dbc2dd444fe0977c7bab082e60fe378ceff8', '1977-01-28 02:35:49', '1986-09-06 21:11:36');
INSERT INTO `media` (`id`, `media_type_id`, `user_id`, `filename`, `size`, `metadata`, `created_at`, `updated_at`) VALUES (499, 4, 99, 'application/emma+xml', 5345, '7df25cc144817deef6c37b62ccda6c78d7ed70f626041c0a431fc1d7ba29634b', '1978-08-03 06:26:02', '2007-01-18 15:58:20');
INSERT INTO `media` (`id`, `media_type_id`, `user_id`, `filename`, `size`, `metadata`, `created_at`, `updated_at`) VALUES (500, 5, 100, 'application/vnd.lotus-screencam', 301929519, '1ab06665a762d6f39bd0d0b11648781bfa560c0b25d2c306450fb11eac84d293', '1989-02-18 10:10:19', '1997-06-17 19:34:10');


#
# TABLE STRUCTURE FOR: media_types
#

DROP TABLE IF EXISTS `media_types`;

CREATE TABLE `media_types` (
  `id` int(10) unsigned NOT NULL AUTO_INCREMENT,
  `name` varchar(255) COLLATE utf8_unicode_ci NOT NULL,
  PRIMARY KEY (`id`),
  UNIQUE KEY `name` (`name`)
) ENGINE=InnoDB AUTO_INCREMENT=6 DEFAULT CHARSET=utf8 COLLATE=utf8_unicode_ci;

INSERT INTO `media_types` (`id`, `name`) VALUES (4, 'consequuntur');
INSERT INTO `media_types` (`id`, `name`) VALUES (3, 'mollitia');
INSERT INTO `media_types` (`id`, `name`) VALUES (2, 'necessitatibus');
INSERT INTO `media_types` (`id`, `name`) VALUES (1, 'praesentium');
INSERT INTO `media_types` (`id`, `name`) VALUES (5, 'voluptatem');


#
# TABLE STRUCTURE FOR: messages
#

DROP TABLE IF EXISTS `messages`;

CREATE TABLE `messages` (
  `from_user_id` int(10) unsigned NOT NULL,
  `to_user_id` int(10) unsigned NOT NULL,
  `body` text COLLATE utf8_unicode_ci NOT NULL,
  `important` tinyint(1) DEFAULT NULL,
  `delivered` tinyint(1) DEFAULT NULL,
  `created_at` datetime NOT NULL DEFAULT current_timestamp(),
  PRIMARY KEY (`from_user_id`,`created_at`)
) ENGINE=InnoDB DEFAULT CHARSET=utf8 COLLATE=utf8_unicode_ci;

INSERT INTO `messages` (`from_user_id`, `to_user_id`, `body`, `important`, `delivered`, `created_at`) VALUES (1, 1, 'Saepe quia nisi quos et sit assumenda nostrum. Ea in quis et. Dolorum consequatur sint illo modi voluptates.', 0, 1, '2001-12-03 22:12:18');
INSERT INTO `messages` (`from_user_id`, `to_user_id`, `body`, `important`, `delivered`, `created_at`) VALUES (2, 2, 'Et odit voluptate maxime velit est cum. Consectetur eaque quia consequatur. Nobis nihil nemo dignissimos quia. Vero rem iste sint minima eum maiores quidem.', 0, 0, '1973-12-13 16:31:02');
INSERT INTO `messages` (`from_user_id`, `to_user_id`, `body`, `important`, `delivered`, `created_at`) VALUES (3, 3, 'Totam voluptatum omnis quae iure. Numquam rerum et reiciendis occaecati. Ut et sed voluptatum iure. Aut odio mollitia similique. Quae porro sed non officia autem voluptatem.', 1, 0, '2007-06-22 23:43:41');
INSERT INTO `messages` (`from_user_id`, `to_user_id`, `body`, `important`, `delivered`, `created_at`) VALUES (4, 4, 'Vel minus ut quibusdam exercitationem. Et qui vero placeat repellendus qui atque ea quaerat. Illo tempore repellat modi corporis omnis reiciendis blanditiis.', 1, 1, '1995-07-15 12:49:12');
INSERT INTO `messages` (`from_user_id`, `to_user_id`, `body`, `important`, `delivered`, `created_at`) VALUES (5, 5, 'Et adipisci quam illum exercitationem est. Doloremque iste eius nam doloribus qui omnis aut. Optio ut sint modi tenetur ipsam quibusdam.', 1, 0, '2003-03-15 03:22:22');
INSERT INTO `messages` (`from_user_id`, `to_user_id`, `body`, `important`, `delivered`, `created_at`) VALUES (6, 6, 'Libero voluptates voluptates iste vel repellat. Officia ad aliquam ea vero id omnis. Facere ullam vitae ipsum minima. Rem a quia qui doloremque alias non quaerat.', 0, 1, '1983-12-31 11:21:11');
INSERT INTO `messages` (`from_user_id`, `to_user_id`, `body`, `important`, `delivered`, `created_at`) VALUES (7, 7, 'Ut voluptate atque aut vel alias atque voluptatem. Consequatur at porro voluptatem necessitatibus. Qui qui nisi omnis culpa voluptatibus.', 0, 0, '1986-02-13 01:36:58');
INSERT INTO `messages` (`from_user_id`, `to_user_id`, `body`, `important`, `delivered`, `created_at`) VALUES (8, 8, 'Facilis nobis illo voluptas perferendis. Voluptatum deserunt tenetur qui officia pariatur ut. Recusandae recusandae ut repellat est rerum. Ab molestiae ipsa dolor earum ut non quia odit.', 1, 1, '1997-08-13 10:14:29');
INSERT INTO `messages` (`from_user_id`, `to_user_id`, `body`, `important`, `delivered`, `created_at`) VALUES (9, 9, 'Est voluptatum animi nulla nesciunt iure. Voluptas quaerat dolorem et nulla reprehenderit et perferendis. Est et ratione consequuntur voluptates eius.', 1, 0, '1996-11-05 23:50:21');
INSERT INTO `messages` (`from_user_id`, `to_user_id`, `body`, `important`, `delivered`, `created_at`) VALUES (10, 10, 'Eos voluptas sint consequatur magni. Id non consequatur eos quia consequatur. Explicabo animi nemo incidunt magni tempore dolorem. Sed quia optio possimus est necessitatibus sunt ea.', 0, 1, '2019-07-28 11:23:59');
INSERT INTO `messages` (`from_user_id`, `to_user_id`, `body`, `important`, `delivered`, `created_at`) VALUES (11, 11, 'Inventore in et sed suscipit. Laudantium cum qui nihil vero odit facere. Aut esse dolorem sunt ut ut aut rerum officiis.', 1, 0, '1991-12-17 18:01:24');
INSERT INTO `messages` (`from_user_id`, `to_user_id`, `body`, `important`, `delivered`, `created_at`) VALUES (12, 12, 'Et adipisci dolore repudiandae et ipsam autem. Voluptas accusantium distinctio natus modi reprehenderit eaque sit. Ab ut necessitatibus qui tempore libero.', 0, 0, '1987-06-18 13:13:15');
INSERT INTO `messages` (`from_user_id`, `to_user_id`, `body`, `important`, `delivered`, `created_at`) VALUES (13, 13, 'Sunt quibusdam facere sit ea laboriosam. Et reiciendis odit ut nisi dicta. Vel rerum tenetur neque nisi enim omnis. Maxime quia odit eius non quis aliquam aut.', 0, 0, '2013-06-28 14:23:40');
INSERT INTO `messages` (`from_user_id`, `to_user_id`, `body`, `important`, `delivered`, `created_at`) VALUES (14, 14, 'Commodi velit nobis necessitatibus in. Dolore nihil accusantium ratione repellat. Et repellat sint ratione quas aliquam impedit eos.', 1, 1, '2014-05-20 15:49:00');
INSERT INTO `messages` (`from_user_id`, `to_user_id`, `body`, `important`, `delivered`, `created_at`) VALUES (15, 15, 'Non et numquam velit eligendi eaque vel consequatur. Officia explicabo commodi hic autem et unde qui ducimus. Nam voluptatum unde et quidem corrupti.', 0, 0, '1996-07-27 10:44:20');
INSERT INTO `messages` (`from_user_id`, `to_user_id`, `body`, `important`, `delivered`, `created_at`) VALUES (16, 16, 'Fugiat nemo nesciunt quas occaecati. Enim sunt quidem sed a. Porro eos ut totam quia ut. Facere dignissimos exercitationem quo corporis porro minus at suscipit.', 1, 0, '2001-01-10 11:02:14');
INSERT INTO `messages` (`from_user_id`, `to_user_id`, `body`, `important`, `delivered`, `created_at`) VALUES (17, 17, 'Repudiandae tempora possimus quibusdam voluptatem. Sint eos nobis ut quia. Quo earum sed tenetur facilis.', 1, 0, '1985-06-13 13:56:15');
INSERT INTO `messages` (`from_user_id`, `to_user_id`, `body`, `important`, `delivered`, `created_at`) VALUES (18, 18, 'Rem dolor distinctio id asperiores ea voluptas odio. Sint odio quod voluptatem voluptatem et dolor nulla. Rerum velit deleniti dolor repellendus quos qui cumque.', 0, 0, '2012-02-02 22:56:31');
INSERT INTO `messages` (`from_user_id`, `to_user_id`, `body`, `important`, `delivered`, `created_at`) VALUES (19, 19, 'Pariatur quaerat cupiditate fugit et velit. Laboriosam ea officiis magnam maiores dolor non sapiente. Aut dignissimos voluptas amet beatae voluptate suscipit ad.', 1, 0, '2018-01-19 18:38:08');
INSERT INTO `messages` (`from_user_id`, `to_user_id`, `body`, `important`, `delivered`, `created_at`) VALUES (20, 20, 'Omnis incidunt sequi delectus labore ducimus. Molestiae consequatur odio aut explicabo magni possimus. Eius est a odit amet aut qui. Nesciunt quia officia eos delectus tempore.', 1, 1, '2009-12-10 21:54:09');
INSERT INTO `messages` (`from_user_id`, `to_user_id`, `body`, `important`, `delivered`, `created_at`) VALUES (21, 21, 'Voluptatem id et ullam quia facere unde. Nesciunt repellendus reprehenderit est ut. Sed iure eius blanditiis ipsam beatae maiores. Totam expedita numquam est ipsa mollitia maxime.', 0, 0, '2013-06-03 19:50:35');
INSERT INTO `messages` (`from_user_id`, `to_user_id`, `body`, `important`, `delivered`, `created_at`) VALUES (22, 22, 'Adipisci facilis facilis dolores velit recusandae. Consectetur dolorum quam qui.', 1, 0, '2006-03-29 17:51:07');
INSERT INTO `messages` (`from_user_id`, `to_user_id`, `body`, `important`, `delivered`, `created_at`) VALUES (23, 23, 'Rerum dolores repellat ipsam quis. Corporis ut voluptatem aliquid ut et id. Ut fugiat sapiente dolore vitae id harum.', 1, 0, '1989-12-07 12:03:31');
INSERT INTO `messages` (`from_user_id`, `to_user_id`, `body`, `important`, `delivered`, `created_at`) VALUES (24, 24, 'Non expedita earum est ut. Asperiores maxime aspernatur non debitis occaecati et eum vel. Consequatur nihil earum accusantium voluptatibus quo qui.', 0, 0, '2000-07-03 13:21:28');
INSERT INTO `messages` (`from_user_id`, `to_user_id`, `body`, `important`, `delivered`, `created_at`) VALUES (25, 25, 'Natus ducimus quibusdam repellendus est itaque voluptas. Qui saepe nisi sit minus. Voluptates assumenda totam error reiciendis.', 1, 0, '2001-09-04 16:53:26');
INSERT INTO `messages` (`from_user_id`, `to_user_id`, `body`, `important`, `delivered`, `created_at`) VALUES (26, 26, 'Dolorem inventore temporibus beatae voluptas voluptatum odit. Illum quod officiis numquam. Et blanditiis velit adipisci praesentium molestiae.', 1, 1, '1987-05-01 20:50:32');
INSERT INTO `messages` (`from_user_id`, `to_user_id`, `body`, `important`, `delivered`, `created_at`) VALUES (27, 27, 'Consequatur velit quam qui molestias eius et ullam. Quod sed eaque officiis rerum. Eos a consequuntur incidunt est quis.', 1, 1, '2013-08-17 21:33:18');
INSERT INTO `messages` (`from_user_id`, `to_user_id`, `body`, `important`, `delivered`, `created_at`) VALUES (28, 28, 'Voluptates necessitatibus exercitationem soluta blanditiis quisquam temporibus. Animi eos id doloribus dolores officia debitis. Et aut magnam voluptates sapiente asperiores.', 1, 0, '2005-10-08 09:07:25');
INSERT INTO `messages` (`from_user_id`, `to_user_id`, `body`, `important`, `delivered`, `created_at`) VALUES (29, 29, 'Est sunt fugit cum nostrum sint laborum. Provident perspiciatis distinctio qui ex. Distinctio pariatur cupiditate voluptatem.', 0, 0, '1989-12-20 09:24:31');
INSERT INTO `messages` (`from_user_id`, `to_user_id`, `body`, `important`, `delivered`, `created_at`) VALUES (30, 30, 'Dolorum repellat rerum facere sint aperiam placeat. Qui vel aliquam blanditiis et eum. Quo quas et dignissimos inventore est. Sequi nobis voluptas soluta fugit reprehenderit occaecati.', 0, 0, '1973-02-23 22:45:42');
INSERT INTO `messages` (`from_user_id`, `to_user_id`, `body`, `important`, `delivered`, `created_at`) VALUES (31, 31, 'Aliquam dolorum tempora ad est voluptate rem quasi. Provident quidem aut quia a laudantium. Corrupti dicta harum et quasi ullam ratione. Dignissimos officiis tempore neque.', 1, 0, '2002-09-04 06:03:41');
INSERT INTO `messages` (`from_user_id`, `to_user_id`, `body`, `important`, `delivered`, `created_at`) VALUES (32, 32, 'Officia sint numquam ducimus. Placeat excepturi id officiis ratione omnis dolore.', 0, 1, '1999-01-07 21:14:29');
INSERT INTO `messages` (`from_user_id`, `to_user_id`, `body`, `important`, `delivered`, `created_at`) VALUES (33, 33, 'Provident molestias ducimus non a. Voluptatibus deleniti hic alias harum.\nAutem beatae neque reprehenderit omnis. Sint dolores qui atque nemo et quia. Maiores nisi in accusantium dolor ullam maiores.', 1, 1, '2016-10-23 13:38:17');
INSERT INTO `messages` (`from_user_id`, `to_user_id`, `body`, `important`, `delivered`, `created_at`) VALUES (34, 34, 'Dolor distinctio amet rerum vel rerum ducimus est rerum. Iusto reprehenderit vel exercitationem quia delectus et reiciendis. Officiis eveniet ut nisi pariatur cum dolor. Totam qui quis dolor et enim.', 0, 0, '1987-12-04 23:33:31');
INSERT INTO `messages` (`from_user_id`, `to_user_id`, `body`, `important`, `delivered`, `created_at`) VALUES (35, 35, 'Et molestiae voluptatem temporibus neque mollitia. Et sint asperiores aut. Deleniti rem et voluptas vitae tenetur delectus doloremque. Blanditiis nisi quod et omnis tenetur.', 1, 1, '2000-07-06 04:10:16');
INSERT INTO `messages` (`from_user_id`, `to_user_id`, `body`, `important`, `delivered`, `created_at`) VALUES (36, 36, 'Nobis laudantium earum quibusdam culpa officiis voluptatem. Veniam dolores eaque odit autem. Recusandae id odit quasi saepe reiciendis et nihil. Laborum repudiandae quam nostrum quod.', 1, 1, '1996-11-30 16:36:11');
INSERT INTO `messages` (`from_user_id`, `to_user_id`, `body`, `important`, `delivered`, `created_at`) VALUES (37, 37, 'Est corrupti voluptatem quos omnis est. Et dolores facilis fugiat repellat et minus quas. Nihil et vel eaque dolorem ad eos.', 0, 1, '2000-03-27 00:43:08');
INSERT INTO `messages` (`from_user_id`, `to_user_id`, `body`, `important`, `delivered`, `created_at`) VALUES (38, 38, 'Fugit unde eligendi quod ab eligendi quia nesciunt. Corrupti porro quia praesentium iure. Eveniet esse explicabo repudiandae quo.', 0, 1, '2017-05-24 02:57:30');
INSERT INTO `messages` (`from_user_id`, `to_user_id`, `body`, `important`, `delivered`, `created_at`) VALUES (39, 39, 'Quisquam mollitia nihil ex maiores hic. Reiciendis eum occaecati beatae accusamus iure.', 1, 1, '1993-09-25 19:39:44');
INSERT INTO `messages` (`from_user_id`, `to_user_id`, `body`, `important`, `delivered`, `created_at`) VALUES (40, 40, 'Ad accusantium quo beatae perferendis qui. Magni nesciunt consectetur minima accusamus officiis. Dicta quo magni ut et odio explicabo dicta sed. Qui et qui doloribus omnis ullam sed dolor ipsam.', 1, 0, '1995-12-29 20:04:53');
INSERT INTO `messages` (`from_user_id`, `to_user_id`, `body`, `important`, `delivered`, `created_at`) VALUES (41, 41, 'Nostrum velit iure natus. Nam saepe culpa at ab. Sint ab et quaerat iusto itaque cupiditate fuga. Esse vero quis dolorem commodi.\nSoluta commodi voluptatem et atque. Dolores et fugit omnis quo.', 1, 0, '2011-09-17 19:35:40');
INSERT INTO `messages` (`from_user_id`, `to_user_id`, `body`, `important`, `delivered`, `created_at`) VALUES (42, 42, 'Est sequi aut aperiam eius perspiciatis aliquam. Reiciendis quo in neque aut dolorum id. Commodi autem voluptatibus nam ex.', 0, 1, '1979-09-05 18:59:54');
INSERT INTO `messages` (`from_user_id`, `to_user_id`, `body`, `important`, `delivered`, `created_at`) VALUES (43, 43, 'Minus qui corporis expedita sequi non adipisci vel ipsum. Ut aut id qui dolorum labore nesciunt nostrum. Sit omnis nulla maxime quis quaerat aliquid incidunt quo.', 0, 1, '1981-07-03 22:06:34');
INSERT INTO `messages` (`from_user_id`, `to_user_id`, `body`, `important`, `delivered`, `created_at`) VALUES (44, 44, 'Reiciendis neque rerum error animi. Tempora explicabo ad sed labore dolore sed nesciunt. Perspiciatis assumenda eum odio. Dicta eligendi corporis alias qui. Omnis ut non illum eos consequatur.', 0, 0, '1992-11-27 14:37:20');
INSERT INTO `messages` (`from_user_id`, `to_user_id`, `body`, `important`, `delivered`, `created_at`) VALUES (45, 45, 'Enim expedita deserunt minima odio amet voluptatem omnis. Id id incidunt aut vel. Amet alias odio doloribus exercitationem accusamus dignissimos.', 0, 1, '1983-11-17 17:53:12');
INSERT INTO `messages` (`from_user_id`, `to_user_id`, `body`, `important`, `delivered`, `created_at`) VALUES (46, 46, 'Nulla omnis mollitia autem labore accusantium debitis. Rerum consequatur officia ut debitis consequatur. Voluptatem aut rem ad. Commodi aut ut ipsa excepturi dolor ut consequuntur numquam.', 0, 0, '1978-06-20 18:20:26');
INSERT INTO `messages` (`from_user_id`, `to_user_id`, `body`, `important`, `delivered`, `created_at`) VALUES (47, 47, 'Recusandae explicabo animi consequatur hic. Pariatur atque tempora enim ea et. Quaerat commodi iure recusandae. Dicta nulla doloribus eum minima laudantium.', 1, 1, '2010-06-03 14:09:46');
INSERT INTO `messages` (`from_user_id`, `to_user_id`, `body`, `important`, `delivered`, `created_at`) VALUES (48, 48, 'Assumenda quae quia occaecati ut. Nam voluptas sint amet et hic. Occaecati eos voluptas placeat et tenetur natus autem. Dolores velit amet enim culpa ut numquam eveniet eveniet.', 1, 0, '1989-04-19 15:52:30');
INSERT INTO `messages` (`from_user_id`, `to_user_id`, `body`, `important`, `delivered`, `created_at`) VALUES (49, 49, 'Quod vel error quibusdam veritatis consequatur et. Mollitia quia vero unde error officia libero sed et. Nisi deserunt eum et id iusto in.', 0, 1, '1982-10-05 18:46:45');
INSERT INTO `messages` (`from_user_id`, `to_user_id`, `body`, `important`, `delivered`, `created_at`) VALUES (50, 50, 'Maiores doloribus ea eligendi omnis nemo. Aspernatur quidem eaque aut iste dolore. Occaecati ea esse recusandae amet aut. Sit quam et aut autem optio sapiente.', 1, 0, '2015-07-15 20:13:02');
INSERT INTO `messages` (`from_user_id`, `to_user_id`, `body`, `important`, `delivered`, `created_at`) VALUES (51, 51, 'Aut cum id ad veritatis numquam atque. Aut aut quod neque eos. Vitae earum officia veniam cum est rerum inventore. Reiciendis earum totam repellendus sapiente ipsa maxime et.', 0, 1, '1978-02-17 21:48:32');
INSERT INTO `messages` (`from_user_id`, `to_user_id`, `body`, `important`, `delivered`, `created_at`) VALUES (52, 52, 'Hic saepe ut et ad natus. Tenetur nihil labore debitis vel. Deserunt sed officiis distinctio debitis ut rerum nihil.', 1, 0, '1993-04-28 17:13:23');
INSERT INTO `messages` (`from_user_id`, `to_user_id`, `body`, `important`, `delivered`, `created_at`) VALUES (53, 53, 'Quo molestiae qui magni expedita consequuntur unde. Consequatur iste iure velit in rerum non sint doloribus. Reprehenderit culpa sit est alias illo optio.', 0, 0, '2013-09-25 04:57:08');
INSERT INTO `messages` (`from_user_id`, `to_user_id`, `body`, `important`, `delivered`, `created_at`) VALUES (54, 54, 'Omnis unde ipsam ab eum. Libero est quaerat debitis quia ut vero quia. Ullam qui quasi est dolor nam. Dolorem aut nesciunt voluptas qui aliquam accusantium a mollitia.', 0, 0, '1985-08-21 11:02:50');
INSERT INTO `messages` (`from_user_id`, `to_user_id`, `body`, `important`, `delivered`, `created_at`) VALUES (55, 55, 'Exercitationem voluptatibus distinctio repudiandae ut. Et exercitationem natus reprehenderit minus qui assumenda. Blanditiis architecto amet molestiae dolorem odio ut.', 1, 0, '2017-02-24 09:31:17');
INSERT INTO `messages` (`from_user_id`, `to_user_id`, `body`, `important`, `delivered`, `created_at`) VALUES (56, 56, 'Laboriosam assumenda quia placeat porro nam corporis perferendis. Consequatur dolores maxime doloremque debitis ullam aliquid consequuntur. Molestiae voluptatem debitis aut eveniet non.', 1, 0, '1981-02-04 21:34:29');
INSERT INTO `messages` (`from_user_id`, `to_user_id`, `body`, `important`, `delivered`, `created_at`) VALUES (57, 57, 'Commodi sed quis dicta laboriosam voluptatem. Aliquid ut cum praesentium ea quasi est non. Sit blanditiis quo soluta fugit. Consequatur culpa temporibus et et ut commodi et.', 1, 1, '1973-09-19 12:07:25');
INSERT INTO `messages` (`from_user_id`, `to_user_id`, `body`, `important`, `delivered`, `created_at`) VALUES (58, 58, 'Accusantium vel dolores animi debitis. Reprehenderit expedita recusandae velit. Ut ut recusandae nemo cum qui dolores et.', 1, 0, '2012-11-12 10:38:06');
INSERT INTO `messages` (`from_user_id`, `to_user_id`, `body`, `important`, `delivered`, `created_at`) VALUES (59, 59, 'Rem nihil non perspiciatis explicabo molestias. Repudiandae cupiditate sit dolore. Et accusantium accusamus sint in sunt atque.', 0, 0, '2005-08-25 01:12:32');
INSERT INTO `messages` (`from_user_id`, `to_user_id`, `body`, `important`, `delivered`, `created_at`) VALUES (60, 60, 'Laborum qui iure non libero beatae. Saepe et necessitatibus doloremque. Suscipit possimus rerum fugiat quis et veritatis esse. Quia adipisci qui exercitationem vel quia quo non.', 1, 1, '1990-05-02 13:50:34');
INSERT INTO `messages` (`from_user_id`, `to_user_id`, `body`, `important`, `delivered`, `created_at`) VALUES (61, 61, 'Aliquam ipsam laboriosam nihil nihil quia. Sapiente sit aut quia. Delectus facere velit qui dicta sequi sapiente sequi laboriosam. Exercitationem mollitia fuga aut.', 1, 1, '1984-07-03 09:37:49');
INSERT INTO `messages` (`from_user_id`, `to_user_id`, `body`, `important`, `delivered`, `created_at`) VALUES (62, 62, 'Occaecati ut alias quisquam nisi et neque soluta odit. Rem in autem perferendis optio in harum. Ipsam illum et corrupti eum vero inventore id.', 0, 1, '1993-10-03 09:50:36');
INSERT INTO `messages` (`from_user_id`, `to_user_id`, `body`, `important`, `delivered`, `created_at`) VALUES (63, 63, 'Ducimus provident aut inventore provident accusamus minima aut. Perferendis unde quo velit cupiditate reiciendis. Similique sint voluptas quaerat vitae sequi.', 0, 0, '2002-04-03 09:07:07');
INSERT INTO `messages` (`from_user_id`, `to_user_id`, `body`, `important`, `delivered`, `created_at`) VALUES (64, 64, 'Fuga et quia quaerat maiores debitis. Magnam alias voluptate ipsa molestiae et.', 1, 0, '1979-12-03 17:35:33');
INSERT INTO `messages` (`from_user_id`, `to_user_id`, `body`, `important`, `delivered`, `created_at`) VALUES (65, 65, 'Accusantium qui animi similique est. Quidem quasi accusamus corporis culpa atque. Totam quia omnis sed voluptate voluptas sed harum.', 1, 0, '1977-11-19 06:05:36');
INSERT INTO `messages` (`from_user_id`, `to_user_id`, `body`, `important`, `delivered`, `created_at`) VALUES (66, 66, 'Provident modi sint maiores nostrum sunt. Neque doloremque dolorum facilis quo vitae.', 1, 0, '2000-03-19 05:48:11');
INSERT INTO `messages` (`from_user_id`, `to_user_id`, `body`, `important`, `delivered`, `created_at`) VALUES (67, 67, 'Qui labore deleniti quisquam quam harum et rerum. Maiores officiis quasi accusamus voluptas qui autem ut facere. Et velit nostrum incidunt similique.', 1, 1, '2013-02-09 22:18:35');
INSERT INTO `messages` (`from_user_id`, `to_user_id`, `body`, `important`, `delivered`, `created_at`) VALUES (68, 68, 'Iste harum a accusantium at. Nobis consequatur magni tenetur praesentium. Aliquid id porro aperiam rerum. Eum sed autem ut temporibus quidem.', 0, 0, '1975-08-15 13:34:56');
INSERT INTO `messages` (`from_user_id`, `to_user_id`, `body`, `important`, `delivered`, `created_at`) VALUES (69, 69, 'Repellendus nihil totam facilis perferendis ea. Ut in iusto eveniet voluptatem. Nihil excepturi nisi in omnis.', 1, 1, '2016-10-01 01:39:23');
INSERT INTO `messages` (`from_user_id`, `to_user_id`, `body`, `important`, `delivered`, `created_at`) VALUES (70, 70, 'Sunt facilis quis reiciendis amet officia. Id explicabo ut et veniam sit. Sit consectetur sunt voluptas nam.', 0, 0, '1983-01-14 08:10:52');
INSERT INTO `messages` (`from_user_id`, `to_user_id`, `body`, `important`, `delivered`, `created_at`) VALUES (71, 71, 'Ea rerum optio dolorum alias quae exercitationem dolor. Impedit totam consequatur voluptas dolores omnis eos sint. Expedita sint et aliquam atque.', 0, 1, '1974-02-06 15:24:24');
INSERT INTO `messages` (`from_user_id`, `to_user_id`, `body`, `important`, `delivered`, `created_at`) VALUES (72, 72, 'Ipsam aspernatur iste animi quasi et ea fugit. Ut et consequatur quo qui ducimus qui. Id perspiciatis voluptatem sint maiores. Dicta eius atque magnam ipsa.', 0, 1, '1970-12-19 02:00:18');
INSERT INTO `messages` (`from_user_id`, `to_user_id`, `body`, `important`, `delivered`, `created_at`) VALUES (73, 73, 'Eum non eveniet temporibus aut deleniti repudiandae nam. Blanditiis voluptas est pariatur vero et optio odit. Eos ab qui est dolorem et quo reiciendis. Non fuga laudantium officiis voluptates itaque.', 0, 0, '1984-07-25 19:26:34');
INSERT INTO `messages` (`from_user_id`, `to_user_id`, `body`, `important`, `delivered`, `created_at`) VALUES (74, 74, 'Aut aspernatur corrupti ipsam. Numquam voluptatibus eius autem magnam eum. Et veniam rem doloremque omnis ducimus consequuntur ea. Eum totam ducimus omnis laborum omnis molestiae sunt.', 0, 1, '1971-12-05 18:47:09');
INSERT INTO `messages` (`from_user_id`, `to_user_id`, `body`, `important`, `delivered`, `created_at`) VALUES (75, 75, 'In ipsum tempora est suscipit eveniet qui. Vel rem debitis voluptates adipisci voluptatum nihil error. Illo impedit iure nobis atque enim est laborum. Perferendis et accusantium at repellendus ipsa.', 1, 1, '1981-04-18 07:15:11');
INSERT INTO `messages` (`from_user_id`, `to_user_id`, `body`, `important`, `delivered`, `created_at`) VALUES (76, 76, 'Tempora id qui ut ut facilis. Quo repellendus nobis quam dolorum fugit ullam. Saepe corrupti unde maiores doloremque. Et sequi et dicta corrupti voluptatem ut aut.', 0, 1, '1975-01-15 00:57:03');
INSERT INTO `messages` (`from_user_id`, `to_user_id`, `body`, `important`, `delivered`, `created_at`) VALUES (77, 77, 'Laborum corporis et officia occaecati. Odio et recusandae ratione dolorum. Nesciunt repellat sunt impedit ab. Voluptates error blanditiis nobis vel iusto.', 0, 0, '2017-03-14 09:31:19');
INSERT INTO `messages` (`from_user_id`, `to_user_id`, `body`, `important`, `delivered`, `created_at`) VALUES (78, 78, 'Vitae voluptatum accusamus omnis illo est. Voluptas rem debitis tenetur placeat itaque mollitia. Fuga fugit at culpa omnis quidem. Labore voluptatem omnis veritatis odit nemo tenetur eos.', 1, 0, '1976-09-06 00:42:20');
INSERT INTO `messages` (`from_user_id`, `to_user_id`, `body`, `important`, `delivered`, `created_at`) VALUES (79, 79, 'Et ut sed quos repellat rem debitis quia. Aspernatur impedit fugit deserunt quasi. Delectus eaque qui ipsum voluptatem cum corporis.', 1, 1, '1984-01-28 23:05:25');
INSERT INTO `messages` (`from_user_id`, `to_user_id`, `body`, `important`, `delivered`, `created_at`) VALUES (80, 80, 'Nisi sed saepe possimus omnis non molestias ullam. Voluptatem aut quod commodi iusto qui sit. Enim molestiae sit et ea minus provident.', 0, 0, '1970-06-10 01:59:46');
INSERT INTO `messages` (`from_user_id`, `to_user_id`, `body`, `important`, `delivered`, `created_at`) VALUES (81, 81, 'Molestias sit quam architecto sed expedita dolores aut. Eius tempore nisi eum qui rerum aliquid qui. Ut qui velit nostrum tenetur optio quibusdam doloribus.', 1, 1, '2017-06-10 06:58:36');
INSERT INTO `messages` (`from_user_id`, `to_user_id`, `body`, `important`, `delivered`, `created_at`) VALUES (82, 82, 'Sapiente quia excepturi aut incidunt voluptatem et. Asperiores accusamus in id voluptatibus porro nihil veritatis. Officia voluptatem exercitationem aliquid labore reiciendis quod omnis.', 0, 0, '2009-06-30 22:20:56');
INSERT INTO `messages` (`from_user_id`, `to_user_id`, `body`, `important`, `delivered`, `created_at`) VALUES (83, 83, 'Fuga assumenda sapiente quis omnis sapiente. Ut inventore minima quod ad culpa rerum deleniti. Iusto velit sed commodi sunt voluptas illum. Dolorem commodi quia ut quia placeat vero.', 0, 0, '2007-04-24 14:00:45');
INSERT INTO `messages` (`from_user_id`, `to_user_id`, `body`, `important`, `delivered`, `created_at`) VALUES (84, 84, 'Velit sint libero eligendi vel ex. Hic dolores et cumque atque. Rerum excepturi in consequatur perspiciatis distinctio adipisci odit.', 0, 0, '1998-11-28 23:16:09');
INSERT INTO `messages` (`from_user_id`, `to_user_id`, `body`, `important`, `delivered`, `created_at`) VALUES (85, 85, 'Et sunt ipsa atque molestiae maxime autem. Nulla repellendus quam qui veritatis id maiores ipsam. Quisquam sunt quisquam mollitia.', 1, 0, '1989-08-11 05:12:06');
INSERT INTO `messages` (`from_user_id`, `to_user_id`, `body`, `important`, `delivered`, `created_at`) VALUES (86, 86, 'Possimus et eos dolor harum nam. Vel quae maxime ea eos dolores ex non. Ea veritatis et sed voluptatem quis ut quod sapiente.', 1, 1, '2002-06-24 02:14:52');
INSERT INTO `messages` (`from_user_id`, `to_user_id`, `body`, `important`, `delivered`, `created_at`) VALUES (87, 87, 'Consequatur ad vero ut consequatur itaque praesentium. Nobis ea non ea harum. Provident est omnis neque ut eos nobis quia. Odio laudantium labore fugiat.', 0, 0, '1976-02-18 20:52:50');
INSERT INTO `messages` (`from_user_id`, `to_user_id`, `body`, `important`, `delivered`, `created_at`) VALUES (88, 88, 'Est aliquid et error iusto nisi quo. Omnis qui impedit quo ut aut. Amet at quia enim dolore et harum sint. Voluptatem quod eveniet facere laboriosam.', 0, 0, '1971-08-02 03:19:11');
INSERT INTO `messages` (`from_user_id`, `to_user_id`, `body`, `important`, `delivered`, `created_at`) VALUES (89, 89, 'Ut ullam aut voluptatem nemo ab dolorum recusandae ad. Quas qui repellat quia iste. Accusantium et quod debitis.\nSit ipsum et a ut eligendi quae. Consequatur et voluptatem sint unde eos.', 1, 1, '1990-06-03 23:05:40');
INSERT INTO `messages` (`from_user_id`, `to_user_id`, `body`, `important`, `delivered`, `created_at`) VALUES (90, 90, 'Eius rerum voluptatem sed. Id illo fugiat sit animi ratione. Omnis porro sit ratione vel sed error ut.', 0, 1, '2017-01-27 20:30:16');
INSERT INTO `messages` (`from_user_id`, `to_user_id`, `body`, `important`, `delivered`, `created_at`) VALUES (91, 91, 'Nihil hic nobis et adipisci vel non. Illo quia sapiente aut necessitatibus qui sed occaecati. Distinctio libero et ut dignissimos enim eligendi.', 1, 1, '1973-04-27 12:30:56');
INSERT INTO `messages` (`from_user_id`, `to_user_id`, `body`, `important`, `delivered`, `created_at`) VALUES (92, 92, 'Qui a et aut sunt error aut occaecati aut. Eum sed aspernatur amet similique. Distinctio harum unde aspernatur optio enim voluptatem.', 0, 1, '2005-02-17 10:35:07');
INSERT INTO `messages` (`from_user_id`, `to_user_id`, `body`, `important`, `delivered`, `created_at`) VALUES (93, 93, 'Ut hic temporibus nesciunt. Porro nam occaecati dolor sapiente. Rerum quasi ut consequatur ex. Dolorum rerum iure accusamus voluptatem similique.', 1, 0, '1984-03-23 21:00:06');
INSERT INTO `messages` (`from_user_id`, `to_user_id`, `body`, `important`, `delivered`, `created_at`) VALUES (94, 94, 'Eos eius eum sed. Numquam harum et eum voluptatum et. Sint non quis aperiam nisi. Minima est harum rem et aliquid quo. Aut aut ut laboriosam deleniti blanditiis eos qui.', 0, 0, '1991-11-25 13:56:23');
INSERT INTO `messages` (`from_user_id`, `to_user_id`, `body`, `important`, `delivered`, `created_at`) VALUES (95, 95, 'Quos fugiat est quasi quisquam. Consectetur consequatur cupiditate tempore impedit et iure. Est ea consequatur quae vel reiciendis.', 0, 1, '2005-05-18 07:45:26');
INSERT INTO `messages` (`from_user_id`, `to_user_id`, `body`, `important`, `delivered`, `created_at`) VALUES (96, 96, 'Animi vitae et eaque qui. Architecto sit quod aut illum dolorem placeat. Aut voluptatem rerum veniam quae ut ut.', 1, 0, '1973-08-18 05:49:00');
INSERT INTO `messages` (`from_user_id`, `to_user_id`, `body`, `important`, `delivered`, `created_at`) VALUES (97, 97, 'Iusto aut cumque blanditiis est. Itaque aut eos voluptatem in itaque qui. Sunt esse quas doloribus ut minima libero ut. Ut at quos debitis quis animi. Qui facilis dolor eaque.', 0, 1, '1996-09-28 09:25:51');
INSERT INTO `messages` (`from_user_id`, `to_user_id`, `body`, `important`, `delivered`, `created_at`) VALUES (98, 98, 'Iste perferendis asperiores nostrum sit aut dolores. Dolor nihil nemo dolor unde assumenda. Quia iste beatae et deserunt.', 1, 1, '1998-04-21 10:25:45');
INSERT INTO `messages` (`from_user_id`, `to_user_id`, `body`, `important`, `delivered`, `created_at`) VALUES (99, 99, 'Alias quo sint autem sapiente qui illo. Non mollitia dolor sunt. Consequatur qui repudiandae et aut accusantium ex doloribus nihil. Accusamus harum vel et autem.', 1, 1, '1994-10-09 23:53:39');
INSERT INTO `messages` (`from_user_id`, `to_user_id`, `body`, `important`, `delivered`, `created_at`) VALUES (100, 100, 'Sunt id adipisci saepe assumenda. Soluta doloribus ea aut est soluta sint ut. Non consequatur et repellendus quis.\nPariatur ea explicabo error. Ab tenetur eos dolorem hic.', 1, 0, '1996-12-20 14:37:01');


#
# TABLE STRUCTURE FOR: profiles
#

DROP TABLE IF EXISTS `profiles`;

CREATE TABLE `profiles` (
  `user_id` int(10) unsigned NOT NULL,
  `sex` char(1) COLLATE utf8_unicode_ci NOT NULL,
  `birthday` date DEFAULT NULL,
  `hometown` varchar(100) COLLATE utf8_unicode_ci DEFAULT NULL,
  `photo_id` int(10) unsigned NOT NULL,
  PRIMARY KEY (`user_id`)
) ENGINE=InnoDB DEFAULT CHARSET=utf8 COLLATE=utf8_unicode_ci;

INSERT INTO `profiles` (`user_id`, `sex`, `birthday`, `hometown`, `photo_id`) VALUES (1, 'm', '2001-01-09', 'Eugeniaton', 5);
INSERT INTO `profiles` (`user_id`, `sex`, `birthday`, `hometown`, `photo_id`) VALUES (2, 'f', '2010-07-28', 'Lake Tevin', 9);
INSERT INTO `profiles` (`user_id`, `sex`, `birthday`, `hometown`, `photo_id`) VALUES (3, 'm', '2019-06-04', 'Manteland', 8);
INSERT INTO `profiles` (`user_id`, `sex`, `birthday`, `hometown`, `photo_id`) VALUES (4, 'm', '1972-07-14', 'South Justonshire', 1);
INSERT INTO `profiles` (`user_id`, `sex`, `birthday`, `hometown`, `photo_id`) VALUES (5, 'm', '2000-08-28', 'East Jeromefurt', 7);
INSERT INTO `profiles` (`user_id`, `sex`, `birthday`, `hometown`, `photo_id`) VALUES (6, 'm', '1975-09-03', 'West Rosie', 3);
INSERT INTO `profiles` (`user_id`, `sex`, `birthday`, `hometown`, `photo_id`) VALUES (7, 'm', '1998-04-22', 'Kulaston', 9);
INSERT INTO `profiles` (`user_id`, `sex`, `birthday`, `hometown`, `photo_id`) VALUES (8, 'm', '1998-09-19', 'Blockhaven', 9);
INSERT INTO `profiles` (`user_id`, `sex`, `birthday`, `hometown`, `photo_id`) VALUES (9, 'f', '2011-04-08', 'Jevonside', 8);
INSERT INTO `profiles` (`user_id`, `sex`, `birthday`, `hometown`, `photo_id`) VALUES (10, 'f', '1987-03-29', 'Handmouth', 5);
INSERT INTO `profiles` (`user_id`, `sex`, `birthday`, `hometown`, `photo_id`) VALUES (11, 'f', '1985-09-24', 'West Marcoton', 8);
INSERT INTO `profiles` (`user_id`, `sex`, `birthday`, `hometown`, `photo_id`) VALUES (12, 'm', '1978-10-15', 'O\'Konport', 9);
INSERT INTO `profiles` (`user_id`, `sex`, `birthday`, `hometown`, `photo_id`) VALUES (13, 'f', '1981-01-01', 'Leeberg', 5);
INSERT INTO `profiles` (`user_id`, `sex`, `birthday`, `hometown`, `photo_id`) VALUES (14, 'f', '1978-08-25', 'New Leonardo', 9);
INSERT INTO `profiles` (`user_id`, `sex`, `birthday`, `hometown`, `photo_id`) VALUES (15, 'f', '2012-10-28', 'New Tianafurt', 5);
INSERT INTO `profiles` (`user_id`, `sex`, `birthday`, `hometown`, `photo_id`) VALUES (16, 'f', '1991-08-17', 'North Angelastad', 6);
INSERT INTO `profiles` (`user_id`, `sex`, `birthday`, `hometown`, `photo_id`) VALUES (17, 'f', '1986-07-16', 'East Taraburgh', 4);
INSERT INTO `profiles` (`user_id`, `sex`, `birthday`, `hometown`, `photo_id`) VALUES (18, 'm', '1973-07-03', 'Wildermanfort', 4);
INSERT INTO `profiles` (`user_id`, `sex`, `birthday`, `hometown`, `photo_id`) VALUES (19, 'm', '2013-01-10', 'Heaneymouth', 6);
INSERT INTO `profiles` (`user_id`, `sex`, `birthday`, `hometown`, `photo_id`) VALUES (20, 'm', '1994-04-21', 'West Reidhaven', 3);
INSERT INTO `profiles` (`user_id`, `sex`, `birthday`, `hometown`, `photo_id`) VALUES (21, 'f', '1989-12-08', 'Lake Hectorfort', 5);
INSERT INTO `profiles` (`user_id`, `sex`, `birthday`, `hometown`, `photo_id`) VALUES (22, 'f', '1979-11-25', 'Port Camilleport', 4);
INSERT INTO `profiles` (`user_id`, `sex`, `birthday`, `hometown`, `photo_id`) VALUES (23, 'f', '1986-07-18', 'Lake Ruthiefurt', 4);
INSERT INTO `profiles` (`user_id`, `sex`, `birthday`, `hometown`, `photo_id`) VALUES (24, 'm', '1992-10-01', 'Fisherchester', 4);
INSERT INTO `profiles` (`user_id`, `sex`, `birthday`, `hometown`, `photo_id`) VALUES (25, 'f', '2004-06-14', 'Port Cordieburgh', 9);
INSERT INTO `profiles` (`user_id`, `sex`, `birthday`, `hometown`, `photo_id`) VALUES (26, 'm', '2018-03-11', 'Lake Imogenestad', 7);
INSERT INTO `profiles` (`user_id`, `sex`, `birthday`, `hometown`, `photo_id`) VALUES (27, 'm', '1982-10-04', 'Lednerville', 9);
INSERT INTO `profiles` (`user_id`, `sex`, `birthday`, `hometown`, `photo_id`) VALUES (28, 'f', '1980-07-05', 'Keelingport', 4);
INSERT INTO `profiles` (`user_id`, `sex`, `birthday`, `hometown`, `photo_id`) VALUES (29, 'm', '1999-05-28', 'East Jovani', 8);
INSERT INTO `profiles` (`user_id`, `sex`, `birthday`, `hometown`, `photo_id`) VALUES (30, 'f', '1971-11-19', 'Port Lonnie', 7);
INSERT INTO `profiles` (`user_id`, `sex`, `birthday`, `hometown`, `photo_id`) VALUES (31, 'm', '1974-12-21', 'West Sydneyside', 5);
INSERT INTO `profiles` (`user_id`, `sex`, `birthday`, `hometown`, `photo_id`) VALUES (32, 'f', '1975-02-10', 'Yoststad', 4);
INSERT INTO `profiles` (`user_id`, `sex`, `birthday`, `hometown`, `photo_id`) VALUES (33, 'm', '1978-10-12', 'New Faustino', 1);
INSERT INTO `profiles` (`user_id`, `sex`, `birthday`, `hometown`, `photo_id`) VALUES (34, 'm', '1985-01-02', 'Lake Landen', 8);
INSERT INTO `profiles` (`user_id`, `sex`, `birthday`, `hometown`, `photo_id`) VALUES (35, 'f', '1996-07-15', 'Athenaport', 3);
INSERT INTO `profiles` (`user_id`, `sex`, `birthday`, `hometown`, `photo_id`) VALUES (36, 'm', '2002-05-23', 'Delphineside', 6);
INSERT INTO `profiles` (`user_id`, `sex`, `birthday`, `hometown`, `photo_id`) VALUES (37, 'f', '1990-03-28', 'Lake Gordon', 5);
INSERT INTO `profiles` (`user_id`, `sex`, `birthday`, `hometown`, `photo_id`) VALUES (38, 'f', '2017-04-01', 'Mullerside', 1);
INSERT INTO `profiles` (`user_id`, `sex`, `birthday`, `hometown`, `photo_id`) VALUES (39, 'm', '2015-05-16', 'Port Mariela', 2);
INSERT INTO `profiles` (`user_id`, `sex`, `birthday`, `hometown`, `photo_id`) VALUES (40, 'f', '1991-07-05', 'D\'Amorestad', 2);
INSERT INTO `profiles` (`user_id`, `sex`, `birthday`, `hometown`, `photo_id`) VALUES (41, 'f', '1972-12-17', 'North Kareemstad', 9);
INSERT INTO `profiles` (`user_id`, `sex`, `birthday`, `hometown`, `photo_id`) VALUES (42, 'f', '1994-08-20', 'East Nyasiamouth', 8);
INSERT INTO `profiles` (`user_id`, `sex`, `birthday`, `hometown`, `photo_id`) VALUES (43, 'f', '1982-03-18', 'Wizamouth', 3);
INSERT INTO `profiles` (`user_id`, `sex`, `birthday`, `hometown`, `photo_id`) VALUES (44, 'f', '1985-08-04', 'Lake Ismael', 5);
INSERT INTO `profiles` (`user_id`, `sex`, `birthday`, `hometown`, `photo_id`) VALUES (45, 'f', '2010-06-03', 'South Kellyburgh', 3);
INSERT INTO `profiles` (`user_id`, `sex`, `birthday`, `hometown`, `photo_id`) VALUES (46, 'm', '2011-01-21', 'Eliseborough', 2);
INSERT INTO `profiles` (`user_id`, `sex`, `birthday`, `hometown`, `photo_id`) VALUES (47, 'f', '1973-06-07', 'Lubowitzmouth', 8);
INSERT INTO `profiles` (`user_id`, `sex`, `birthday`, `hometown`, `photo_id`) VALUES (48, 'm', '2011-03-06', 'East Kay', 1);
INSERT INTO `profiles` (`user_id`, `sex`, `birthday`, `hometown`, `photo_id`) VALUES (49, 'f', '1998-07-29', 'Port Opal', 5);
INSERT INTO `profiles` (`user_id`, `sex`, `birthday`, `hometown`, `photo_id`) VALUES (50, 'f', '1983-02-16', 'Goyetteland', 9);
INSERT INTO `profiles` (`user_id`, `sex`, `birthday`, `hometown`, `photo_id`) VALUES (51, 'm', '1980-09-01', 'Hipolitostad', 9);
INSERT INTO `profiles` (`user_id`, `sex`, `birthday`, `hometown`, `photo_id`) VALUES (52, 'f', '1991-08-08', 'East Myrtisborough', 9);
INSERT INTO `profiles` (`user_id`, `sex`, `birthday`, `hometown`, `photo_id`) VALUES (53, 'f', '1977-05-07', 'East Aniyaborough', 9);
INSERT INTO `profiles` (`user_id`, `sex`, `birthday`, `hometown`, `photo_id`) VALUES (54, 'm', '2016-04-12', 'Elliotview', 4);
INSERT INTO `profiles` (`user_id`, `sex`, `birthday`, `hometown`, `photo_id`) VALUES (55, 'f', '1983-09-11', 'South Bartonbury', 4);
INSERT INTO `profiles` (`user_id`, `sex`, `birthday`, `hometown`, `photo_id`) VALUES (56, 'm', '1985-10-03', 'Weissnatside', 9);
INSERT INTO `profiles` (`user_id`, `sex`, `birthday`, `hometown`, `photo_id`) VALUES (57, 'm', '2004-06-07', 'North Olaf', 6);
INSERT INTO `profiles` (`user_id`, `sex`, `birthday`, `hometown`, `photo_id`) VALUES (58, 'm', '2008-03-02', 'Marisaville', 1);
INSERT INTO `profiles` (`user_id`, `sex`, `birthday`, `hometown`, `photo_id`) VALUES (59, 'm', '2008-01-23', 'Keelingburgh', 4);
INSERT INTO `profiles` (`user_id`, `sex`, `birthday`, `hometown`, `photo_id`) VALUES (60, 'f', '1976-03-09', 'North Clairland', 4);
INSERT INTO `profiles` (`user_id`, `sex`, `birthday`, `hometown`, `photo_id`) VALUES (61, 'f', '1996-10-02', 'Leonfurt', 5);
INSERT INTO `profiles` (`user_id`, `sex`, `birthday`, `hometown`, `photo_id`) VALUES (62, 'f', '1987-07-03', 'Port Larissa', 6);
INSERT INTO `profiles` (`user_id`, `sex`, `birthday`, `hometown`, `photo_id`) VALUES (63, 'f', '2001-12-05', 'Andersonmouth', 7);
INSERT INTO `profiles` (`user_id`, `sex`, `birthday`, `hometown`, `photo_id`) VALUES (64, 'm', '2016-11-24', 'East Mekhi', 5);
INSERT INTO `profiles` (`user_id`, `sex`, `birthday`, `hometown`, `photo_id`) VALUES (65, 'f', '1983-09-29', 'Kathlyntown', 2);
INSERT INTO `profiles` (`user_id`, `sex`, `birthday`, `hometown`, `photo_id`) VALUES (66, 'f', '1992-12-04', 'Bennettshire', 9);
INSERT INTO `profiles` (`user_id`, `sex`, `birthday`, `hometown`, `photo_id`) VALUES (67, 'f', '2013-06-19', 'West Camryn', 8);
INSERT INTO `profiles` (`user_id`, `sex`, `birthday`, `hometown`, `photo_id`) VALUES (68, 'm', '2014-06-04', 'Littelview', 8);
INSERT INTO `profiles` (`user_id`, `sex`, `birthday`, `hometown`, `photo_id`) VALUES (69, 'f', '1998-03-01', 'New Claud', 3);
INSERT INTO `profiles` (`user_id`, `sex`, `birthday`, `hometown`, `photo_id`) VALUES (70, 'f', '2010-01-16', 'South Rebeccafort', 6);
INSERT INTO `profiles` (`user_id`, `sex`, `birthday`, `hometown`, `photo_id`) VALUES (71, 'f', '1974-11-19', 'West Hillard', 5);
INSERT INTO `profiles` (`user_id`, `sex`, `birthday`, `hometown`, `photo_id`) VALUES (72, 'f', '1980-07-03', 'East Winifred', 7);
INSERT INTO `profiles` (`user_id`, `sex`, `birthday`, `hometown`, `photo_id`) VALUES (73, 'm', '1998-01-26', 'Lowefort', 7);
INSERT INTO `profiles` (`user_id`, `sex`, `birthday`, `hometown`, `photo_id`) VALUES (74, 'f', '1996-05-17', 'West Randal', 5);
INSERT INTO `profiles` (`user_id`, `sex`, `birthday`, `hometown`, `photo_id`) VALUES (75, 'm', '2011-10-01', 'East Camryn', 6);
INSERT INTO `profiles` (`user_id`, `sex`, `birthday`, `hometown`, `photo_id`) VALUES (76, 'm', '1992-11-16', 'Nolanside', 8);
INSERT INTO `profiles` (`user_id`, `sex`, `birthday`, `hometown`, `photo_id`) VALUES (77, 'm', '1975-06-03', 'Gradybury', 6);
INSERT INTO `profiles` (`user_id`, `sex`, `birthday`, `hometown`, `photo_id`) VALUES (78, 'm', '1992-03-26', 'North Laneybury', 6);
INSERT INTO `profiles` (`user_id`, `sex`, `birthday`, `hometown`, `photo_id`) VALUES (79, 'f', '1973-02-17', 'Kozeychester', 5);
INSERT INTO `profiles` (`user_id`, `sex`, `birthday`, `hometown`, `photo_id`) VALUES (80, 'm', '1976-08-06', 'Zeldaside', 9);
INSERT INTO `profiles` (`user_id`, `sex`, `birthday`, `hometown`, `photo_id`) VALUES (81, 'f', '1982-09-18', 'West Darriontown', 8);
INSERT INTO `profiles` (`user_id`, `sex`, `birthday`, `hometown`, `photo_id`) VALUES (82, 'f', '2006-08-30', 'Lilianabury', 6);
INSERT INTO `profiles` (`user_id`, `sex`, `birthday`, `hometown`, `photo_id`) VALUES (83, 'f', '1992-02-09', 'New Clairetown', 7);
INSERT INTO `profiles` (`user_id`, `sex`, `birthday`, `hometown`, `photo_id`) VALUES (84, 'f', '1986-07-01', 'Lucienneburgh', 4);
INSERT INTO `profiles` (`user_id`, `sex`, `birthday`, `hometown`, `photo_id`) VALUES (85, 'm', '1981-07-06', 'Weberhaven', 6);
INSERT INTO `profiles` (`user_id`, `sex`, `birthday`, `hometown`, `photo_id`) VALUES (86, 'm', '1970-01-06', 'Lake Vernonchester', 4);
INSERT INTO `profiles` (`user_id`, `sex`, `birthday`, `hometown`, `photo_id`) VALUES (87, 'f', '2017-02-19', 'Kundeview', 3);
INSERT INTO `profiles` (`user_id`, `sex`, `birthday`, `hometown`, `photo_id`) VALUES (88, 'f', '1978-12-17', 'Mckennaview', 6);
INSERT INTO `profiles` (`user_id`, `sex`, `birthday`, `hometown`, `photo_id`) VALUES (89, 'm', '1989-03-18', 'Lake Malvina', 1);
INSERT INTO `profiles` (`user_id`, `sex`, `birthday`, `hometown`, `photo_id`) VALUES (90, 'f', '2013-04-11', 'Lake Milan', 1);
INSERT INTO `profiles` (`user_id`, `sex`, `birthday`, `hometown`, `photo_id`) VALUES (91, 'f', '2000-12-22', 'Lake Walter', 5);
INSERT INTO `profiles` (`user_id`, `sex`, `birthday`, `hometown`, `photo_id`) VALUES (92, 'm', '1985-01-26', 'East Autumnmouth', 7);
INSERT INTO `profiles` (`user_id`, `sex`, `birthday`, `hometown`, `photo_id`) VALUES (93, 'm', '2005-11-13', 'East Jasper', 8);
INSERT INTO `profiles` (`user_id`, `sex`, `birthday`, `hometown`, `photo_id`) VALUES (94, 'f', '2003-10-11', 'Oralhaven', 7);
INSERT INTO `profiles` (`user_id`, `sex`, `birthday`, `hometown`, `photo_id`) VALUES (95, 'm', '1972-09-05', 'Fayborough', 1);
INSERT INTO `profiles` (`user_id`, `sex`, `birthday`, `hometown`, `photo_id`) VALUES (96, 'f', '1995-08-08', 'North Dora', 2);
INSERT INTO `profiles` (`user_id`, `sex`, `birthday`, `hometown`, `photo_id`) VALUES (97, 'm', '2002-06-02', 'Angelashire', 1);
INSERT INTO `profiles` (`user_id`, `sex`, `birthday`, `hometown`, `photo_id`) VALUES (98, 'm', '2006-06-29', 'Kuhnmouth', 1);
INSERT INTO `profiles` (`user_id`, `sex`, `birthday`, `hometown`, `photo_id`) VALUES (99, 'm', '2015-08-01', 'Feestfort', 7);
INSERT INTO `profiles` (`user_id`, `sex`, `birthday`, `hometown`, `photo_id`) VALUES (100, 'm', '1996-03-22', 'East Robbieview', 5);


#
# TABLE STRUCTURE FOR: users
#

DROP TABLE IF EXISTS `users`;

CREATE TABLE `users` (
  `id` int(10) unsigned NOT NULL AUTO_INCREMENT,
  `firstname` varchar(100) COLLATE utf8_unicode_ci NOT NULL,
  `lastname` varchar(100) COLLATE utf8_unicode_ci NOT NULL,
  `email` varchar(120) COLLATE utf8_unicode_ci NOT NULL,
  `phone` varchar(120) COLLATE utf8_unicode_ci NOT NULL,
  `created_at` datetime DEFAULT current_timestamp(),
  `updated_at` datetime DEFAULT current_timestamp() ON UPDATE current_timestamp(),
  PRIMARY KEY (`id`),
  UNIQUE KEY `email` (`email`),
  UNIQUE KEY `phone` (`phone`)
) ENGINE=InnoDB AUTO_INCREMENT=101 DEFAULT CHARSET=utf8 COLLATE=utf8_unicode_ci;

INSERT INTO `users` (`id`, `firstname`, `lastname`, `email`, `phone`, `created_at`, `updated_at`) VALUES (1, 'Angie', 'Ziemann', 'magnolia.smitham@example.com', '659.166.8984', '2007-04-23 18:50:21', '2001-11-25 22:13:07');
INSERT INTO `users` (`id`, `firstname`, `lastname`, `email`, `phone`, `created_at`, `updated_at`) VALUES (2, 'Lelia', 'Macejkovic', 'alanis.boehm@example.net', '+11(6)8904144732', '2006-09-03 06:12:20', '1980-01-21 11:44:51');
INSERT INTO `users` (`id`, `firstname`, `lastname`, `email`, `phone`, `created_at`, `updated_at`) VALUES (3, 'Selmer', 'Ullrich', 'maryse35@example.org', '(708)248-4259', '1987-12-15 01:10:28', '1993-12-05 14:21:54');
INSERT INTO `users` (`id`, `firstname`, `lastname`, `email`, `phone`, `created_at`, `updated_at`) VALUES (4, 'Braulio', 'Pacocha', 'baby37@example.org', '(120)294-3342x174', '1978-06-02 17:16:17', '2017-07-02 21:09:47');
INSERT INTO `users` (`id`, `firstname`, `lastname`, `email`, `phone`, `created_at`, `updated_at`) VALUES (5, 'Ibrahim', 'Zulauf', 'corwin.ford@example.net', '974.955.0393', '1995-01-21 22:40:09', '1979-09-10 23:42:52');
INSERT INTO `users` (`id`, `firstname`, `lastname`, `email`, `phone`, `created_at`, `updated_at`) VALUES (6, 'Loren', 'Kunde', 'kris.saige@example.com', '05286097572', '2011-08-03 12:56:38', '1986-10-03 21:25:15');
INSERT INTO `users` (`id`, `firstname`, `lastname`, `email`, `phone`, `created_at`, `updated_at`) VALUES (7, 'Destin', 'Morissette', 'hackett.issac@example.com', '468.819.1548', '1993-05-08 15:38:11', '2016-11-10 18:33:13');
INSERT INTO `users` (`id`, `firstname`, `lastname`, `email`, `phone`, `created_at`, `updated_at`) VALUES (8, 'Hadley', 'Flatley', 'lilly89@example.com', '(820)180-5463x28706', '2010-10-20 04:00:14', '1976-03-17 13:28:09');
INSERT INTO `users` (`id`, `firstname`, `lastname`, `email`, `phone`, `created_at`, `updated_at`) VALUES (9, 'Jude', 'Wuckert', 'destin30@example.org', '+83(3)6106358594', '2008-02-24 18:19:24', '1990-05-18 10:27:51');
INSERT INTO `users` (`id`, `firstname`, `lastname`, `email`, `phone`, `created_at`, `updated_at`) VALUES (10, 'Bettye', 'Muller', 'koelpin.bo@example.net', '(139)285-9341x5242', '2010-06-03 19:29:22', '1975-08-22 18:38:13');
INSERT INTO `users` (`id`, `firstname`, `lastname`, `email`, `phone`, `created_at`, `updated_at`) VALUES (11, 'Lamont', 'Krajcik', 'jaden16@example.net', '914.057.2208', '2015-09-10 06:24:22', '1984-03-05 21:29:10');
INSERT INTO `users` (`id`, `firstname`, `lastname`, `email`, `phone`, `created_at`, `updated_at`) VALUES (12, 'Dusty', 'Crooks', 'rickie.heaney@example.com', '04401860088', '1989-11-25 23:30:17', '2007-05-11 01:10:34');
INSERT INTO `users` (`id`, `firstname`, `lastname`, `email`, `phone`, `created_at`, `updated_at`) VALUES (13, 'Skyla', 'Spencer', 'hertha.gottlieb@example.org', '810-664-7983x45785', '1986-01-22 20:31:39', '1982-02-19 04:16:02');
INSERT INTO `users` (`id`, `firstname`, `lastname`, `email`, `phone`, `created_at`, `updated_at`) VALUES (14, 'Maximus', 'Jenkins', 'elisha.larkin@example.com', '(784)749-0503x801', '2015-08-03 22:24:57', '2003-08-15 22:17:34');
INSERT INTO `users` (`id`, `firstname`, `lastname`, `email`, `phone`, `created_at`, `updated_at`) VALUES (15, 'Wilfred', 'Hane', 'kylee41@example.com', '+54(1)3211373999', '1996-12-09 03:41:28', '1985-09-12 02:05:04');
INSERT INTO `users` (`id`, `firstname`, `lastname`, `email`, `phone`, `created_at`, `updated_at`) VALUES (16, 'Robb', 'Parker', 'alejandra.gaylord@example.net', '(598)553-6167', '1996-02-11 08:28:19', '2013-01-03 22:12:30');
INSERT INTO `users` (`id`, `firstname`, `lastname`, `email`, `phone`, `created_at`, `updated_at`) VALUES (17, 'Dimitri', 'Hauck', 'jackson65@example.com', '(701)695-7414', '1998-01-01 14:49:00', '1993-11-19 07:07:07');
INSERT INTO `users` (`id`, `firstname`, `lastname`, `email`, `phone`, `created_at`, `updated_at`) VALUES (18, 'Idella', 'Gerhold', 'anderson.ramon@example.org', '1-443-463-2309', '1995-03-13 16:52:57', '1986-03-12 04:34:50');
INSERT INTO `users` (`id`, `firstname`, `lastname`, `email`, `phone`, `created_at`, `updated_at`) VALUES (19, 'Everette', 'Grant', 'darien58@example.net', '466.430.2683', '2002-06-15 17:25:17', '1977-01-13 06:53:15');
INSERT INTO `users` (`id`, `firstname`, `lastname`, `email`, `phone`, `created_at`, `updated_at`) VALUES (20, 'Earlene', 'Bechtelar', 'candida49@example.net', '1-958-557-0561x5267', '1994-09-14 20:12:18', '1970-03-05 07:32:08');
INSERT INTO `users` (`id`, `firstname`, `lastname`, `email`, `phone`, `created_at`, `updated_at`) VALUES (21, 'Ona', 'Mann', 'clueilwitz@example.net', '747-940-8064', '1989-10-17 13:17:30', '1986-05-13 18:57:03');
INSERT INTO `users` (`id`, `firstname`, `lastname`, `email`, `phone`, `created_at`, `updated_at`) VALUES (22, 'Quincy', 'Ullrich', 'weber.addie@example.net', '1-979-506-2863x4031', '1988-06-07 00:39:23', '2018-10-23 22:06:33');
INSERT INTO `users` (`id`, `firstname`, `lastname`, `email`, `phone`, `created_at`, `updated_at`) VALUES (23, 'Mollie', 'Turcotte', 'bednar.kiley@example.org', '1-127-552-7894x663', '2018-02-20 14:47:45', '2012-05-11 19:48:07');
INSERT INTO `users` (`id`, `firstname`, `lastname`, `email`, `phone`, `created_at`, `updated_at`) VALUES (24, 'Santos', 'Fahey', 'roosevelt.berge@example.net', '465.989.1208x686', '1975-10-06 21:24:08', '1988-08-04 05:01:23');
INSERT INTO `users` (`id`, `firstname`, `lastname`, `email`, `phone`, `created_at`, `updated_at`) VALUES (25, 'Alexanne', 'Deckow', 'garett.welch@example.com', '+85(1)8010344902', '2003-09-09 02:23:32', '2004-09-18 04:00:14');
INSERT INTO `users` (`id`, `firstname`, `lastname`, `email`, `phone`, `created_at`, `updated_at`) VALUES (26, 'Abe', 'Smitham', 'douglas.edgardo@example.com', '+56(8)0978258007', '1995-12-27 15:35:07', '1993-02-14 18:24:57');
INSERT INTO `users` (`id`, `firstname`, `lastname`, `email`, `phone`, `created_at`, `updated_at`) VALUES (27, 'Joey', 'Russel', 'arno.gleichner@example.org', '061.554.1566', '1975-07-02 11:58:46', '1996-08-30 01:32:34');
INSERT INTO `users` (`id`, `firstname`, `lastname`, `email`, `phone`, `created_at`, `updated_at`) VALUES (28, 'Haleigh', 'Schultz', 'kayley17@example.com', '(703)014-5592x84975', '1976-10-29 17:04:23', '2016-01-12 12:05:53');
INSERT INTO `users` (`id`, `firstname`, `lastname`, `email`, `phone`, `created_at`, `updated_at`) VALUES (29, 'Bria', 'Toy', 'dennis.balistreri@example.org', '1-160-969-0517', '2011-06-13 04:16:56', '2017-09-15 04:13:46');
INSERT INTO `users` (`id`, `firstname`, `lastname`, `email`, `phone`, `created_at`, `updated_at`) VALUES (30, 'Ena', 'Gerlach', 'oberbrunner.sherman@example.org', '840.705.4378', '1972-09-04 04:41:00', '1979-07-06 04:41:15');
INSERT INTO `users` (`id`, `firstname`, `lastname`, `email`, `phone`, `created_at`, `updated_at`) VALUES (31, 'Savanah', 'Mayert', 'vschmidt@example.org', '470.419.6883', '1970-07-29 16:29:11', '2007-11-30 16:12:52');
INSERT INTO `users` (`id`, `firstname`, `lastname`, `email`, `phone`, `created_at`, `updated_at`) VALUES (32, 'Guido', 'Cruickshank', 'einar.shields@example.net', '1-384-573-0270x042', '2006-06-27 08:08:30', '2007-08-15 13:48:29');
INSERT INTO `users` (`id`, `firstname`, `lastname`, `email`, `phone`, `created_at`, `updated_at`) VALUES (33, 'Verner', 'Hamill', 'stark.myrtie@example.org', '07005973050', '2007-05-12 16:20:25', '2016-04-28 05:16:55');
INSERT INTO `users` (`id`, `firstname`, `lastname`, `email`, `phone`, `created_at`, `updated_at`) VALUES (34, 'Julie', 'Swift', 'jonas.rowe@example.org', '819-010-7633x7505', '2004-01-08 16:38:43', '2011-03-04 00:36:09');
INSERT INTO `users` (`id`, `firstname`, `lastname`, `email`, `phone`, `created_at`, `updated_at`) VALUES (35, 'Gail', 'Yost', 'wcarter@example.org', '911.910.2133x0743', '1989-02-11 04:16:34', '2007-07-22 00:18:13');
INSERT INTO `users` (`id`, `firstname`, `lastname`, `email`, `phone`, `created_at`, `updated_at`) VALUES (36, 'Gregory', 'Miller', 'verlie.schulist@example.org', '612-918-2049x6258', '2010-10-28 02:35:18', '1995-12-26 02:55:50');
INSERT INTO `users` (`id`, `firstname`, `lastname`, `email`, `phone`, `created_at`, `updated_at`) VALUES (37, 'Ethel', 'Johns', 'sadie37@example.org', '040-750-6176', '1979-05-17 07:10:49', '1975-07-08 00:58:59');
INSERT INTO `users` (`id`, `firstname`, `lastname`, `email`, `phone`, `created_at`, `updated_at`) VALUES (38, 'Nia', 'Leannon', 'hattie.reichel@example.net', '01580029144', '2005-08-17 02:57:15', '1988-10-22 19:21:15');
INSERT INTO `users` (`id`, `firstname`, `lastname`, `email`, `phone`, `created_at`, `updated_at`) VALUES (39, 'Hans', 'Bashirian', 'myrtie.hodkiewicz@example.org', '968.480.2263x555', '2000-08-08 21:51:37', '1985-12-04 05:46:12');
INSERT INTO `users` (`id`, `firstname`, `lastname`, `email`, `phone`, `created_at`, `updated_at`) VALUES (40, 'Lila', 'Ratke', 'vfarrell@example.net', '(684)619-6691', '1984-03-02 15:49:13', '1981-05-10 08:42:02');
INSERT INTO `users` (`id`, `firstname`, `lastname`, `email`, `phone`, `created_at`, `updated_at`) VALUES (41, 'Ellsworth', 'Ledner', 'laurine56@example.com', '333-571-7013x56697', '2009-05-17 11:08:33', '1982-05-10 05:21:54');
INSERT INTO `users` (`id`, `firstname`, `lastname`, `email`, `phone`, `created_at`, `updated_at`) VALUES (42, 'Corbin', 'Sawayn', 'freddie.hudson@example.org', '05674898592', '1974-11-03 16:31:21', '2000-01-29 03:01:58');
INSERT INTO `users` (`id`, `firstname`, `lastname`, `email`, `phone`, `created_at`, `updated_at`) VALUES (43, 'Ivah', 'Krajcik', 'trystan91@example.org', '(480)463-7593x8023', '2004-05-04 12:30:20', '1997-07-19 11:11:55');
INSERT INTO `users` (`id`, `firstname`, `lastname`, `email`, `phone`, `created_at`, `updated_at`) VALUES (44, 'Fred', 'Dare', 'iabshire@example.com', '220-787-1713', '1990-05-25 23:28:21', '1978-11-29 07:06:33');
INSERT INTO `users` (`id`, `firstname`, `lastname`, `email`, `phone`, `created_at`, `updated_at`) VALUES (45, 'Crawford', 'Fahey', 'schmitt.lance@example.com', '195-005-6780x7697', '1984-07-08 04:12:38', '1972-01-08 05:56:57');
INSERT INTO `users` (`id`, `firstname`, `lastname`, `email`, `phone`, `created_at`, `updated_at`) VALUES (46, 'Edgar', 'Stark', 'verlie.cole@example.com', '022-066-4589x788', '1986-07-18 00:34:18', '1993-02-25 01:14:10');
INSERT INTO `users` (`id`, `firstname`, `lastname`, `email`, `phone`, `created_at`, `updated_at`) VALUES (47, 'Reece', 'Russel', 'leuschke.sylvan@example.net', '1-549-860-5975x97256', '2004-10-24 16:40:55', '2006-07-28 03:34:33');
INSERT INTO `users` (`id`, `firstname`, `lastname`, `email`, `phone`, `created_at`, `updated_at`) VALUES (48, 'Kurtis', 'Haag', 'hamill.alvis@example.org', '00013179611', '1992-05-08 06:02:50', '1979-11-05 02:42:23');
INSERT INTO `users` (`id`, `firstname`, `lastname`, `email`, `phone`, `created_at`, `updated_at`) VALUES (49, 'Olaf', 'Jacobs', 'morissette.adrian@example.net', '099.445.5971x5312', '1988-05-05 16:12:28', '1986-10-11 04:38:33');
INSERT INTO `users` (`id`, `firstname`, `lastname`, `email`, `phone`, `created_at`, `updated_at`) VALUES (50, 'Josianne', 'Bechtelar', 'isom14@example.org', '666.306.1359', '2000-07-17 17:00:15', '1972-05-23 08:24:10');
INSERT INTO `users` (`id`, `firstname`, `lastname`, `email`, `phone`, `created_at`, `updated_at`) VALUES (51, 'Walker', 'Torphy', 'tmarquardt@example.org', '634.444.1530x1728', '2000-06-26 22:59:49', '1971-12-25 19:04:53');
INSERT INTO `users` (`id`, `firstname`, `lastname`, `email`, `phone`, `created_at`, `updated_at`) VALUES (52, 'Ronny', 'Kulas', 'minnie23@example.com', '1-013-767-4966', '1980-01-27 16:37:04', '2013-07-10 18:00:05');
INSERT INTO `users` (`id`, `firstname`, `lastname`, `email`, `phone`, `created_at`, `updated_at`) VALUES (53, 'Lesly', 'Zieme', 'vgibson@example.com', '989-813-1053x90439', '2019-04-04 11:16:02', '2008-06-19 19:40:55');
INSERT INTO `users` (`id`, `firstname`, `lastname`, `email`, `phone`, `created_at`, `updated_at`) VALUES (54, 'Leola', 'Torp', 'pascale.berge@example.org', '+12(0)5046633237', '1973-12-04 13:38:25', '1987-06-02 08:41:55');
INSERT INTO `users` (`id`, `firstname`, `lastname`, `email`, `phone`, `created_at`, `updated_at`) VALUES (55, 'Jackson', 'Heaney', 'braulio.rice@example.com', '+18(4)1688143983', '1992-07-10 20:27:07', '1991-02-10 02:38:26');
INSERT INTO `users` (`id`, `firstname`, `lastname`, `email`, `phone`, `created_at`, `updated_at`) VALUES (56, 'Westley', 'Kub', 'shaina.abernathy@example.net', '1-505-314-2606x5360', '1973-04-02 23:11:55', '2011-03-09 06:36:16');
INSERT INTO `users` (`id`, `firstname`, `lastname`, `email`, `phone`, `created_at`, `updated_at`) VALUES (57, 'Buster', 'Collier', 'gaylord.caden@example.org', '574.874.0996x278', '2014-05-21 19:59:26', '2016-07-28 03:13:59');
INSERT INTO `users` (`id`, `firstname`, `lastname`, `email`, `phone`, `created_at`, `updated_at`) VALUES (58, 'Emile', 'Hettinger', 'zrobel@example.net', '296.529.8003x9568', '1987-08-10 04:23:20', '1982-01-13 23:26:02');
INSERT INTO `users` (`id`, `firstname`, `lastname`, `email`, `phone`, `created_at`, `updated_at`) VALUES (59, 'Bradly', 'West', 'panderson@example.com', '+37(9)0907994675', '2005-07-30 14:32:35', '2002-10-31 10:31:18');
INSERT INTO `users` (`id`, `firstname`, `lastname`, `email`, `phone`, `created_at`, `updated_at`) VALUES (60, 'Irma', 'Beahan', 'shana76@example.net', '714-432-3526x37854', '2010-04-12 04:18:18', '1990-08-03 14:09:47');
INSERT INTO `users` (`id`, `firstname`, `lastname`, `email`, `phone`, `created_at`, `updated_at`) VALUES (61, 'Salvador', 'Waters', 'efren16@example.com', '1-038-605-8329x896', '2010-03-31 18:50:16', '2016-12-25 19:53:50');
INSERT INTO `users` (`id`, `firstname`, `lastname`, `email`, `phone`, `created_at`, `updated_at`) VALUES (62, 'Tracy', 'Pfeffer', 'silas.barton@example.net', '323.188.4474x260', '2005-09-06 23:01:16', '1991-04-30 21:47:43');
INSERT INTO `users` (`id`, `firstname`, `lastname`, `email`, `phone`, `created_at`, `updated_at`) VALUES (63, 'Orland', 'Heaney', 'narciso20@example.com', '01264538839', '2017-05-19 14:23:25', '1973-10-14 16:15:35');
INSERT INTO `users` (`id`, `firstname`, `lastname`, `email`, `phone`, `created_at`, `updated_at`) VALUES (64, 'Berniece', 'Botsford', 'fritsch.malachi@example.org', '454-378-5722x368', '1972-01-15 10:13:12', '1995-05-07 06:20:50');
INSERT INTO `users` (`id`, `firstname`, `lastname`, `email`, `phone`, `created_at`, `updated_at`) VALUES (65, 'Mariah', 'Ward', 'philip46@example.com', '1-262-094-1355x337', '2003-07-11 01:01:51', '1981-02-18 02:24:45');
INSERT INTO `users` (`id`, `firstname`, `lastname`, `email`, `phone`, `created_at`, `updated_at`) VALUES (66, 'Jarrett', 'Cassin', 'uromaguera@example.net', '266-233-9132x484', '2011-06-10 21:38:02', '1981-08-18 21:54:31');
INSERT INTO `users` (`id`, `firstname`, `lastname`, `email`, `phone`, `created_at`, `updated_at`) VALUES (67, 'Jovany', 'Lueilwitz', 'zlowe@example.com', '1-033-117-3542', '1982-09-09 22:42:37', '1983-03-25 06:56:04');
INSERT INTO `users` (`id`, `firstname`, `lastname`, `email`, `phone`, `created_at`, `updated_at`) VALUES (68, 'Dovie', 'Hills', 'merritt75@example.net', '(220)186-8202', '1995-06-22 05:48:28', '1997-01-30 08:54:18');
INSERT INTO `users` (`id`, `firstname`, `lastname`, `email`, `phone`, `created_at`, `updated_at`) VALUES (69, 'Jadyn', 'Gusikowski', 'braulio.huel@example.com', '612.619.7415x009', '1995-08-26 10:36:55', '1989-02-24 11:04:39');
INSERT INTO `users` (`id`, `firstname`, `lastname`, `email`, `phone`, `created_at`, `updated_at`) VALUES (70, 'Giovanni', 'Nienow', 'alene.feeney@example.com', '(928)996-1249x74934', '1982-05-17 14:57:44', '1980-01-31 20:05:18');
INSERT INTO `users` (`id`, `firstname`, `lastname`, `email`, `phone`, `created_at`, `updated_at`) VALUES (71, 'Cornelius', 'Murphy', 'bzemlak@example.com', '07942082421', '1981-05-03 20:36:43', '1971-04-11 17:42:50');
INSERT INTO `users` (`id`, `firstname`, `lastname`, `email`, `phone`, `created_at`, `updated_at`) VALUES (72, 'Xander', 'Kassulke', 'merlin.quitzon@example.org', '665-040-2777x7445', '2013-01-10 05:28:17', '2004-04-12 04:50:48');
INSERT INTO `users` (`id`, `firstname`, `lastname`, `email`, `phone`, `created_at`, `updated_at`) VALUES (73, 'Nolan', 'King', 'cschoen@example.com', '057-261-0771', '2015-01-03 14:02:42', '1991-12-31 02:54:53');
INSERT INTO `users` (`id`, `firstname`, `lastname`, `email`, `phone`, `created_at`, `updated_at`) VALUES (74, 'Sam', 'Shanahan', 'alta.treutel@example.com', '08159539402', '1999-04-02 12:53:33', '2016-10-11 21:06:06');
INSERT INTO `users` (`id`, `firstname`, `lastname`, `email`, `phone`, `created_at`, `updated_at`) VALUES (75, 'Marty', 'Johnston', 'mann.vivien@example.com', '352.310.1073x0745', '1994-02-08 23:38:30', '2006-09-21 06:43:49');
INSERT INTO `users` (`id`, `firstname`, `lastname`, `email`, `phone`, `created_at`, `updated_at`) VALUES (76, 'Daron', 'Raynor', 'alisha08@example.org', '588-390-7446', '2012-01-15 00:34:52', '2011-08-20 07:12:47');
INSERT INTO `users` (`id`, `firstname`, `lastname`, `email`, `phone`, `created_at`, `updated_at`) VALUES (77, 'Jordan', 'Gutkowski', 'kovacek.jaquan@example.org', '01975615290', '2003-02-07 20:57:18', '1988-09-02 12:20:16');
INSERT INTO `users` (`id`, `firstname`, `lastname`, `email`, `phone`, `created_at`, `updated_at`) VALUES (78, 'Izabella', 'Casper', 'ddickinson@example.net', '1-157-437-1327', '2010-11-18 04:45:06', '1978-04-21 10:06:51');
INSERT INTO `users` (`id`, `firstname`, `lastname`, `email`, `phone`, `created_at`, `updated_at`) VALUES (79, 'Sandra', 'Sipes', 'miles46@example.org', '811.702.2865x942', '1982-03-27 10:39:23', '2014-07-13 03:06:11');
INSERT INTO `users` (`id`, `firstname`, `lastname`, `email`, `phone`, `created_at`, `updated_at`) VALUES (80, 'Dax', 'Wintheiser', 'cjohns@example.net', '(801)223-5784', '1971-11-18 03:27:37', '1971-11-11 17:32:52');
INSERT INTO `users` (`id`, `firstname`, `lastname`, `email`, `phone`, `created_at`, `updated_at`) VALUES (81, 'Ian', 'Auer', 'kaci.mann@example.org', '1-220-644-6058', '2001-01-22 00:11:42', '2008-07-04 00:00:52');
INSERT INTO `users` (`id`, `firstname`, `lastname`, `email`, `phone`, `created_at`, `updated_at`) VALUES (82, 'Demetris', 'Leffler', 'hoyt70@example.net', '00725117998', '1972-10-30 09:56:51', '1970-08-02 14:06:24');
INSERT INTO `users` (`id`, `firstname`, `lastname`, `email`, `phone`, `created_at`, `updated_at`) VALUES (83, 'Paul', 'Miller', 'champlin.marty@example.net', '1-306-953-6047x8320', '1995-03-25 04:10:28', '1982-02-11 15:42:08');
INSERT INTO `users` (`id`, `firstname`, `lastname`, `email`, `phone`, `created_at`, `updated_at`) VALUES (84, 'Alexie', 'Ward', 'igislason@example.net', '771-939-4084', '2009-01-13 20:04:18', '2003-03-04 08:33:46');
INSERT INTO `users` (`id`, `firstname`, `lastname`, `email`, `phone`, `created_at`, `updated_at`) VALUES (85, 'Jadyn', 'Berge', 'annette.nader@example.com', '116-844-4481', '1995-12-09 15:56:44', '1985-05-28 21:10:01');
INSERT INTO `users` (`id`, `firstname`, `lastname`, `email`, `phone`, `created_at`, `updated_at`) VALUES (86, 'Cynthia', 'Gleichner', 'nsipes@example.org', '1-487-680-2352', '2003-08-01 12:55:45', '1979-08-02 02:33:56');
INSERT INTO `users` (`id`, `firstname`, `lastname`, `email`, `phone`, `created_at`, `updated_at`) VALUES (87, 'Murl', 'Stracke', 'kellie.rau@example.com', '621.553.8416', '1984-03-28 09:18:00', '1978-07-07 12:00:12');
INSERT INTO `users` (`id`, `firstname`, `lastname`, `email`, `phone`, `created_at`, `updated_at`) VALUES (88, 'Deion', 'Collins', 'eliza.simonis@example.com', '1-560-336-2841x728', '1998-09-02 21:08:00', '1971-03-15 14:57:06');
INSERT INTO `users` (`id`, `firstname`, `lastname`, `email`, `phone`, `created_at`, `updated_at`) VALUES (89, 'Jevon', 'Prohaska', 'schaefer.lily@example.org', '391.536.9571x90922', '1984-11-04 19:21:50', '1987-02-03 16:38:39');
INSERT INTO `users` (`id`, `firstname`, `lastname`, `email`, `phone`, `created_at`, `updated_at`) VALUES (90, 'Alessia', 'Bailey', 'elaina.parisian@example.net', '(492)213-5850x65237', '1986-11-08 17:51:01', '2004-03-19 08:29:47');
INSERT INTO `users` (`id`, `firstname`, `lastname`, `email`, `phone`, `created_at`, `updated_at`) VALUES (91, 'Rosalyn', 'Blanda', 'rau.drew@example.com', '(228)992-9002x038', '1989-03-19 04:15:00', '2000-05-14 03:25:45');
INSERT INTO `users` (`id`, `firstname`, `lastname`, `email`, `phone`, `created_at`, `updated_at`) VALUES (92, 'Alexa', 'Kuhn', 'jazmyne82@example.org', '(601)759-5748x77838', '1980-04-06 12:45:36', '1975-12-23 02:26:00');
INSERT INTO `users` (`id`, `firstname`, `lastname`, `email`, `phone`, `created_at`, `updated_at`) VALUES (93, 'Hallie', 'Bechtelar', 'autumn98@example.org', '736.278.2755x9949', '1983-11-23 20:42:52', '1982-01-21 11:39:25');
INSERT INTO `users` (`id`, `firstname`, `lastname`, `email`, `phone`, `created_at`, `updated_at`) VALUES (94, 'Ernesto', 'Rolfson', 'cgleason@example.org', '1-238-582-8629', '2012-06-24 14:56:26', '1972-02-17 04:38:03');
INSERT INTO `users` (`id`, `firstname`, `lastname`, `email`, `phone`, `created_at`, `updated_at`) VALUES (95, 'Samantha', 'Rogahn', 'glover.lauriane@example.net', '411.140.5073x926', '2009-11-04 03:36:05', '1986-02-16 20:30:17');
INSERT INTO `users` (`id`, `firstname`, `lastname`, `email`, `phone`, `created_at`, `updated_at`) VALUES (96, 'Josefina', 'Carter', 'sonya.marquardt@example.com', '(673)446-3218x54018', '1974-12-29 17:38:58', '1995-12-31 22:19:50');
INSERT INTO `users` (`id`, `firstname`, `lastname`, `email`, `phone`, `created_at`, `updated_at`) VALUES (97, 'Kariane', 'McDermott', 'xferry@example.org', '02013757919', '2003-07-18 07:24:06', '1976-08-13 08:03:32');
INSERT INTO `users` (`id`, `firstname`, `lastname`, `email`, `phone`, `created_at`, `updated_at`) VALUES (98, 'Torey', 'Grimes', 'semmerich@example.org', '1-098-289-1556x654', '2005-04-29 16:21:54', '1999-10-25 08:58:24');
INSERT INTO `users` (`id`, `firstname`, `lastname`, `email`, `phone`, `created_at`, `updated_at`) VALUES (99, 'Rickie', 'Lynch', 'hschulist@example.org', '(584)379-4097x1742', '2019-05-02 02:56:42', '2000-02-01 22:08:26');
INSERT INTO `users` (`id`, `firstname`, `lastname`, `email`, `phone`, `created_at`, `updated_at`) VALUES (100, 'Kevon', 'Gorczany', 'rbins@example.org', '1-295-006-4535x83405', '2015-03-09 03:31:05', '1988-10-07 18:12:58');


